chunk_id,category,title,text,language,major,source,status
seed_0000,admission,Admission,"Tawjihi applicants to Mechanical Engineering, Energy Engineering, Electrical Engineering, Architectural Engineering, and Cyber Security must satisfy the mathematics, physics, and general-average requirements. For the bachelor group shown in the admission policy, the minimum is 80 percent in each of the three conditions.",en,,HTU uploaded documents / generated seed summary,prototype
seed_0001,admission,Admission,"Tawjihi applicants to Computer Science, Data Science and Artificial Intelligence, and Industrial Engineering must satisfy all three academic conditions. The displayed minimum is 85 percent in mathematics, 85 percent in physics, and 85 percent in the general average.",en,,HTU uploaded documents / generated seed summary,prototype
seed_0002,admission,Admission,"The technical degree in Game Design and Development uses a minimum of 70 percent in mathematics, physics, and the general average, with all three conditions required.",en,,HTU uploaded documents / generated seed summary,prototype
seed_0003,computer_science,Computer Science,"The Computer Science study plan includes Functional Math, Maths for Computing, Fundamentals of Computing, Programming, Discrete Maths, Data Structures and Algorithms, Website Design and Development, Security, Advanced Programming, Software Development Lifecycles, Database Design and Development, and a Computing Research Project.",en,,HTU uploaded documents / generated seed summary,prototype
seed_0004,cybersecurity,Cybersecurity,"The Cybersecurity study plan includes Networking, Programming, Data Structures and Algorithms, Security, Cryptography, Network Security, Digital Forensics, Information Security Management, Database Design and Development, and a Computing Research Project.",en,,HTU uploaded documents / generated seed summary,prototype
seed_0005,data_science_ai,Data Science Ai,"The Data Science and Artificial Intelligence study plan includes Programming, Data Structures and Algorithms, Database Design and Development, Operating Systems, Business Intelligence, Artificial Intelligence and Intelligent Systems, Principles of Data Science and Computing Systems, Data Science Programming, Data Analytics, Data Mining, Modeling and Simulation, and Machine Learning.",en,,HTU uploaded documents / generated seed summary,prototype
seed_0006,mechanical,Mechanical,"Mechanical Engineering prepares students to apply science, mathematics, technology, and engineering fundamentals; design and conduct experiments; analyse results; design and build mechanical systems; use modern engineering tools; solve engineering problems; communicate effectively; and work in multidisciplinary teams.",en,,HTU uploaded documents / generated seed summary,prototype
seed_0007,electrical,Electrical,"Electrical Engineering prepares students to apply science, mathematics, technology, and engineering fundamentals to electrical applications. The programme emphasises experiments, modelling, practical electrical systems, modern engineering and computing tools, engineering problem solving, communication, and teamwork.",en,,HTU uploaded documents / generated seed summary,prototype
seed_0008,energy,Energy,"Energy Engineering prepares students to design, model, analyse, and build practical energy systems. It includes science, mathematics, experiments, modern engineering tools, problem solving, teamwork, sustainability awareness, entrepreneurship, and industry preparation.",en,,HTU uploaded documents / generated seed summary,prototype
seed_0009,industrial,Industrial,"Industrial Engineering focuses on operations research, production planning, quality control, manufacturing, data analytics, artificial intelligence, enterprise resource planning, Industry 4.0, logistics, supply chain, and business operations.",en,,HTU uploaded documents / generated seed summary,prototype
seed_0010,game_design,Game Design,"Game Design and Development is a technical programme with a 72-credit-hour study plan. It combines university requirements, college requirements, labour-market requirements, and specialisation requirements.",en,,HTU uploaded documents / generated seed summary,prototype
seed_0011,recommendation,Recommendation,The recommendation result is based on the student's interest features and must be checked against academic eligibility. A strong interest match does not override official admission requirements.,en,,HTU uploaded documents / generated seed summary,prototype
seed_0012,recommendation,Recommendation,The prototype can return a strongest interest match and compare it with the list of majors for which the student is academically eligible.,en,,HTU uploaded documents / generated seed summary,prototype
seed_0013,privacy,Privacy,"The prototype should avoid collecting unnecessary personal information. Student answers should be stored only when needed for recommendations, analytics, or user-requested history.",en,,HTU uploaded documents / generated seed summary,prototype
courses_0014,courses,Architectural Engineering courses,Courses currently indexed for Architectural Engineering: SEED-AE-001 — Architectural Design Fundamentals (3 credit hours; prerequisite: Prototype entry),en,Architectural Engineering,courses_seed.csv,prototype
courses_0015,courses,Computer Science courses,Courses currently indexed for Computer Science: 0040201100 — Programming (3 credit hours; prerequisite: Fundamentals of Computing); 0040201201 — Data Structures & Algorithms (3 credit hours; prerequisite: Programming); 0040201260 — Website Design & Development (3 credit hours; prerequisite: Programming); 0010204282 — Database Design & Development (3 credit hours; prerequisite: Programming),en,Computer Science,courses_seed.csv,prototype
courses_0016,courses,Cyber Security courses,Courses currently indexed for Cyber Security: 0010203340 — Cryptography (3 credit hours; prerequisite: Discrete Maths); 0010203210 — Network Security (3 credit hours; prerequisite: Security); 0010203361 — Forensics (3 credit hours; prerequisite: Computer Organization and Design; Security),en,Cyber Security,courses_seed.csv,prototype
courses_0017,courses,Data Science and Artificial Intelligence courses,Courses currently indexed for Data Science and Artificial Intelligence: 0010204250 — Artificial Intelligence & Intelligent Systems (3 credit hours; prerequisite: Maths for Computing); 0010204210 — Data Analytics (3 credit hours; prerequisite: Maths for Computing); 0000204430 — Data Mining (3 credit hours; prerequisite: Data Analytics); 0010204350 — Machine Learning (3 credit hours; prerequisite: See official study plan),en,Data Science and Artificial Intelligence,courses_seed.csv,prototype
courses_0018,courses,Electrical Engineering courses,Courses currently indexed for Electrical Engineering: 30303112 — Functional Physics (3 credit hours; prerequisite: nan); 00103110 — Engineering Math (4 credit hours; prerequisite: Functional Math),en,Electrical Engineering,courses_seed.csv,prototype
courses_0019,courses,Energy Engineering courses,Courses currently indexed for Energy Engineering: SEED-ENE-001 — Energy Systems (3 credit hours; prerequisite: Prototype entry),en,Energy Engineering,courses_seed.csv,prototype
courses_0020,courses,Game Design and Development courses,Courses currently indexed for Game Design and Development: SEED-GD-001 — Game Design Fundamentals (3 credit hours; prerequisite: Prototype entry),en,Game Design and Development,courses_seed.csv,prototype
courses_0021,courses,Industrial Engineering courses,Courses currently indexed for Industrial Engineering: SEED-IE-001 — Operations Research (3 credit hours; prerequisite: Prototype entry),en,Industrial Engineering,courses_seed.csv,prototype
courses_0022,courses,Mechanical Engineering courses,Courses currently indexed for Mechanical Engineering: SEED-ME-001 — Mechanical Systems and Design (3 credit hours; prerequisite: Prototype entry),en,Mechanical Engineering,courses_seed.csv,prototype
study_0023,study_plan,Electrical Engineering study plan,"1 School of Engineering Technology Electrical Engineering Department Bachelor Degree in Electrical Engineering Study Plan 2022 2 Program Objectives 1. Provide world-class, flexible, STEM-based education which combines in-depth technical knowledge with professional, leadership, and entrepreneurial skills. 2. Build advanced practical and technical skills to enable the student to conceive, design, build, and test complex engineering systems. 3. Provide the student with a hands-on understanding of the evolving market needs through a tailored and intensive industry-based apprenticeship scheme. 4. Create opportunities to enhance the student’s character, soft skills and adaptation abilities within different multidisciplinary teams and various professional environments. 5. Emphasize the necessity of engaging in life-long independent learning and professional development. 6.",en,Electrical Engineering,Electrical_StudyPlan 1.txt,source
study_0024,study_plan,Electrical Engineering study plan,"environments. 5. Emphasize the necessity of engaging in life-long independent learning and professional development. 6. Equip the student with the relevant up-to-date skills for employment in a variety of technical and engineering fields, or initiating an innovative entrepreneurial venture or a technology startup. 7. Enable the student to progress in graduate studies in relevant technical or engineering fields. Learning Outcomes Upon graduation, the graduate of the Electrical Engineering Program should be able to: 1. Apply the knowledge of science, mathematics, technology, and engineering fundamentals to electrical engineering applications. 2. Design and conduct experiments, as well as analyze and present results in a professional manner. 3. Design, model, analyze and build practical electrical systems to meet specific requirements and realistic constraints. 4.",en,Electrical Engineering,Electrical_StudyPlan 1.txt,source
study_0025,study_plan,Electrical Engineering study plan,"esign, model, analyze and build practical electrical systems to meet specific requirements and realistic constraints. 4. Use the techniques, skills and modern engineering and computing tools necessary for engineering practices. 5. Identify, formulate and solve engineering problems. 6. Communicate effectively and function in multidisciplinary teams. 3 7. Understand professional and ethical issues and the responsibilities of the engineering practice. 8. Recognize contemporary issues and environmental, cultural, and economical considerations of the engineering profession. 9. Appreciate the need for professional development and engage in life-long learning. 10. Engage in entrepreneurial activity and understand the value of technology innovation. 11. Understand the requirements and constraints of the professional employment environment.",en,Electrical Engineering,Electrical_StudyPlan 1.txt,source
study_0026,study_plan,Electrical Engineering study plan,"ue of technology innovation. 11. Understand the requirements and constraints of the professional employment environment. Assessment of Learning Outcomes Assessment model requires the students to engage with a variety of assessment tools including design and practical projects, laboratory activities and simulations, take-home assignments and conventional in-class examinations. The assessment tools are designed to support the development of the students’ knowledge, deep understanding, self-efficacy and confidence. Examinations are required to be based on practical scenarios to maintain the connection between the theoretical and experimental parts of knowledge delivered through the courses.",en,Electrical Engineering,Electrical_StudyPlan 1.txt,source
study_0027,study_plan,Electrical Engineering study plan,"os to maintain the connection between the theoretical and experimental parts of knowledge delivered through the courses. A robust quality assurance system relying on systematic internal-verification procedures is used, monitoring the assignments in terms of content and grading, ensuring that the best implementation is adopted. Feedback to the students is given in the form of formative and summative feedback. Formative support is continuously provided to the students throughout the course, leading them constructively towards enhancing their understanding and skills, based on their performance that is measured by various assessment tools. 4 Framework of Bachelor’s Degree Classification Credit Hours Compulsory Elective Total University Requirements 24 3 27 School Requirements 35 0 35 Program Requirements 77 9 86 Professional Apprenticeship Training 18 0 18 Total 154 12 166 5 1.",en,Electrical Engineering,Electrical_StudyPlan 1.txt,source
study_0028,study_plan,Electrical Engineering study plan,ool Requirements 35 0 35 Program Requirements 77 9 86 Professional Apprenticeship Training 18 0 18 Total 154 12 166 5 1. University Requirements: (27 credit hours) 1.1. Compulsory: (24 credit hours) Course ID Course Title Credit Hours Contact Hours Prerequisite Lecture Practical 30301121 Pre-Intermediate English Intensive + Lab 4 3 6 30301120 Pre-Foundation English Elementary Intensive 30301122 English Intermediate 3 6 0 30301121 30301123 English Upper-Intermediate 3 6 0 30301122 30301124 English Advanced 3 6 0 30301123 40302111 Professional Skills 1 2 0 - 40302211 Professional Practice 3 4 0 40302111 40302231 Entrepreneurship Bootcamp 4 2 6 30301123 & 40302211 30302232 Leadership Camp 1 3 0 30302231 or 40302231 30301111 Arabic Language & Communication Skills 1 1 0 30301110 30302129 Military Science 1 0 0 - Total 24 1.2.,en,Electrical Engineering,Electrical_StudyPlan 1.txt,source
study_0029,study_plan,Electrical Engineering study plan,40302231 30301111 Arabic Language & Communication Skills 1 1 0 30301110 30302129 Military Science 1 0 0 - Total 24 1.2. Elective: 3 Credit Hours (three courses out of the following) Course ID Course Title Credit Hours Contact Hours Prerequisite Lecture Practical 30301130 Foundational French Language 1 3 0 - 30301131 French Language Level 1 1 3 0 30301130 30301232 French Language Level 2 1 3 0 30301131 30301233 French Language Level 3 1 3 0 30301232 30301140 Foundational German Language 1 3 0 - 30301141 German Language level 1 1 3 0 30301140 30301150 Foundational Spanish Language 1 3 0 - 30301160 Foundational Turkish Language 1 3 0 - 30301170 Foundational Italian Language 1 3 0 30301171 Italian Language 1 3 0 30301170 30301180 Chinese 1 1 3 0 30301221 Development Academic Writing 1 3 0 30301124 30301222 Research and Technical Writing 1 3 0 30301124 30302121 Science & Society Seminar I: A,en,Electrical Engineering,Electrical_StudyPlan 1.txt,source
study_0030,study_plan,Electrical Engineering study plan,"ic Writing 1 3 0 30301124 30301222 Research and Technical Writing 1 3 0 30301124 30302121 Science & Society Seminar I: Arab Contributions to Science and Arts 1 3 0 - 30302122 Science & Society Seminar II: Philosophy of Science 1 3 0 - 30302123 Art Appreciation and Techniques 1 3 0 - 30302124 Civil & Professional Culture 1 3 0 - 30302125 Rights and Responsibilities: Understanding Human Rights 1 3 0 - 6 30302126 Introduction to cultural Anthropology-Focus on Urban Anthropology 1 3 0 - 30302127 Jerusalem, History and Civilization 1 3 0 - 30302128 Jordan: History and Civilization 1 3 0 - 30302133 Principles of Management 1 3 0 - 30302134 Strategies for Industry Competitiveness: Tools & Techniques 1 3 0 - 30302135 Principles of Accounting 1 3 0 - 30302136 Principles of Economics 1 3 0 - 30302237 Free Choice Elective 1 0 0 - 40302233 Business Analytics 1 3 0 - 40302221 Speech and Debate 1 3 0",en,Electrical Engineering,Electrical_StudyPlan 1.txt,source
study_0031,study_plan,Electrical Engineering study plan,mics 1 3 0 - 30302237 Free Choice Elective 1 0 0 - 40302233 Business Analytics 1 3 0 - 40302221 Speech and Debate 1 3 0 - 30301223 Introduction to Translation 1 3 0 30301124 Total 3 2. School Requirements: (35 credit hours) Course ID Course Title Credit Hours Contact Hours Type Prerequisite Lecture Practical 30303111 Functional Math 3 3 0 HTU 30303110 30303112 Functional Physics 3 3 0 HTU - 40303130 Fundamentals of Computing 4 6 0 HTU - 00101100 Introduction to Engineering Drawing 1 0 3 HTU - 00103101 STEM Lab I 1 0 3 HTU - 00102102 STEM Lab II 1 0 3 HTU 00103101 00101103 Workshop I 2 0 6 HTU - 00101104 Workshop II 1 0 3 HTU 00101103 00103110 Engineering Math 4 3 3 HNC 30303111 00102111 Engineering Science 4 3 3 HNC 30303112 00101112 Engineering Design 4 3 3 HNC 00101100 00102220 Managing a Professional Engineering Project 4 3 3 HNC 00101112 00103375 Introduction to AI and Data Sciences,en,Electrical Engineering,Electrical_StudyPlan 1.txt,source
study_0032,study_plan,Electrical Engineering study plan,"0 00102220 Managing a Professional Engineering Project 4 3 3 HNC 00101112 00103375 Introduction to AI and Data Sciences 3 2 3 HTU 40303130 & 00103110 Total 35 7 3. Program Requirements (86 credit hours) 3.1. Compulsory: (77 credit hours) Course ID Course Title Credit Hours Contact Hours Type Prerequisite Lecture Practical 00103205 Advanced Workshop for Electrical Engineers 1 0 3 HTU 00101104 00103230 Electrical and Electronic Principles 4 3 3 HNC 00102111 00103282 Digital Design 3 2 3 HTU 40303130 00103240 Electronic Circuits and Devices 4 3 3 HNC 00103230 00103250 Instrumentation and Control Systems 4 3 3 HNC 00103230 00103213 Further Mathematics 4 3 3 HND 00103110 00103383 Programmable Logic Controllers 3 2 3 HTU 00103282, 00103250 00102321 Professional Engineering Management 4 3 3 HND 00102220 00103331 Industrial Power, Electronics and Storage 4 3 3 HND 00103240 00103351 Industrial Sy",en,Electrical Engineering,Electrical_StudyPlan 1.txt,source
study_0033,study_plan,Electrical Engineering study plan,"nagement 4 3 3 HND 00102220 00103331 Industrial Power, Electronics and Storage 4 3 3 HND 00103240 00103351 Industrial Systems 4 3 3 HND 00103250, 00103282 00103232 Further Electrical, Electronic and Digital Principles 4 3 3 HND 00103230, 00103213 00103352 Further Control Systems 4 3 3 HND 00103250, 00103213 00103490 Research Project for Electrical Engineers 4 2 6 HND Passed 90 credit hours 00103568 Engineering Electromagnetics 3 3 0 HTU 00103230. 00103213 00103367 Telecommunication Principles 4 3 3 HNC 00103282, 00103110 00103333 Electrical Machines 3 2 3 HTU 00103232 00103534 Power Systems 3 2 3 HTU 00103232 00103581 Embedded Systems 3 2 3 HTU 00103282 00102541 Photovoltaic Systems 3 2 3 HTU 00103232 00103546 Advanced Electronics 3 2 3 HTU 00103240 00103566 Speech and Image Processing 3 2 3 HTU 00103375, 00103213 00103553 Industry 4.0 1 0 3 HTU 00103351, 00103367 8 00102523 Health, Safe",en,Electrical Engineering,Electrical_StudyPlan 1.txt,source
study_0034,study_plan,Electrical Engineering study plan,"Image Processing 3 2 3 HTU 00103375, 00103213 00103553 Industry 4.0 1 0 3 HTU 00103351, 00103367 8 00102523 Health, Safety, and Environment 1 1 0 HTU 00102321 00103595 Capstone Project for Electrical Engineering 1 0 3 HTU 00103490 00103596 Capstone Project for Electrical Engineering Continuation 2 0 6 HTU 00103595 Total 77 3.2. Electives: (9 credit hours) (Three courses out of the following) A minimum of 9 credit hours of engineering coursework are required. This list is considered to be open for modifications on the base of the decision of the school council before registration.",en,Electrical Engineering,Electrical_StudyPlan 1.txt,source
study_0035,study_plan,Electrical Engineering study plan,"s list is considered to be open for modifications on the base of the decision of the school council before registration. Course ID Course Title Credit Hours Contact Hours Type Prerequisite Lecture Practical 00103574 Algorithms and Optimization 3 2 3 HTU 00103375, 00103213 00103571 Data Analytics 3 3 0 HTU 00103375, 00103213 00103572 Artificial Intelligence and Engineering Applications 3 3 0 HTU 00103375, 00103213 00103573 Machine Learning 3 3 0 HTU 00103375, 00103213 00101535 Mechatronics 3 2 3 HTU 00103250 00103554 Mobile Robotics 3 2 3 HTU 00103250 00103555 Industrial Robotics 3 2 3 HTU 00103250 00102544 Green Buildings 3 2 3 HTU 00102111 00102551 Smart Grids 3 2 3 HTU 00103331 00102505 Energy Storage 3 2 3 HTU 00103331 00103522 Electrical Installations for Buildings 3 3 0 HTU 00103232 00102552 Electric and Hybrid Vehicles 3 2 3 HTU 00103333 00103539 Power Electronics and Drives 3 3 0",en,Electrical Engineering,Electrical_StudyPlan 1.txt,source
study_0036,study_plan,Electrical Engineering study plan,"3 3 0 HTU 00103232 00102552 Electric and Hybrid Vehicles 3 2 3 HTU 00103333 00103539 Power Electronics and Drives 3 3 0 HTU 00103333, 00103232 00103535 Power System Quality, Reliability and Protection 3 3 0 HTU 00103534 00103537 Special Topics in Power Systems 3 3 0 HTU 00103534 00103545 Special Topics in Clinical Engineering 3 3 0 HTU 00103240 00103565 Special Topics in Communications 3 3 0 HTU 00103367 00103584 Special Topics in Computer Engineering 3 3 0 HTU 00103375 00103422 Special Topics 1 1 1 0 HTU - 00103453 Special Topics 2 2 2 0 HTU - Total 9 9 4.",en,Electrical Engineering,Electrical_StudyPlan 1.txt,source
study_0037,study_plan,Electrical Engineering study plan,Engineering 3 3 0 HTU 00103375 00103422 Special Topics 1 1 1 0 HTU - 00103453 Special Topics 2 2 2 0 HTU - Total 9 9 4. Professional Apprentice Requirements (18 credit hours) (8 months) Course ID Course Title Credit Hours Contact Hours Type Prerequisite Lecture Practical 00103497 Practical Training for Electrical Engineering (PATH) 6 0 10 HTU 40302231 Department Approval Passed 100 CHs 00103498 Practical Training for Electrical Engineering (PATH) Continuation 12 0 30 HTU 00103497 Total 18 10 Course Identification Convention Version (1st Digit) School (2nd&3rd Digit) Department (4th&5th Digit) Level (6th Digit) Knowledge Group (7th Digit) Sequence 0 01: Engineering Technology 01: Mechanical Engineering 02: Energy Engineering 03: Electrical Engineering 1: 1st Year 2: 2nd Year 3: 3rd Year 4: 4th Year 5: 5th Year 0: Engineering Skills 1: Engineering Science 2: Engineering Management 3: Powe,en,Electrical Engineering,Electrical_StudyPlan 1.txt,source
study_0038,study_plan,Electrical Engineering study plan,Year 3: 3rd Year 4: 4th Year 5: 5th Year 0: Engineering Skills 1: Engineering Science 2: Engineering Management 3: Power & Energy 4: Electronics 5: Industrial & Control 6: Communications & Networking 7: Data Science 8: Computer 9: Research & Professional Skills Study Plan Knowledge Groups Course ID Course Title Group 0 Engineering Skills 40303130 Fundamentals of Computing 00101100 Introduction to Engineering Drawing 00103101 STEM Lab I 00102102 STEM Lab II 00101103 Workshop I 00101104 Workshop II 00103205 Advanced Workshop for Electrical Engineers Group 1 Engineering Science 30303111 Functional Math 30303112 Functional Physics 00103110 Engineering Math 00102111 Engineering Science 00101112 Engineering Design 00103213 Further Mathematics 11 Group 2 Engineering Management 00102220 00102321 00103522 00103422 Managing a Professional Engineering Project Professional Engineering Management El,en,Electrical Engineering,Electrical_StudyPlan 1.txt,source
study_0039,study_plan,Electrical Engineering study plan,"t 00102220 00102321 00103522 00103422 Managing a Professional Engineering Project Professional Engineering Management Electrical Installations for Buildings Special Topics 1 Group 3 Power & Energy 00103230 00103331 00103232 00103333 00103534 00103535 00103537 00103539 Electrical and Electronic Principles Industrial Power, Electronics and Storage Further Electrical, Electronic and Digital Principles Electrical Machines Power Systems Power System Quality, Reliability and Protection Special Topics in Power Systems Power Electronics and Drives Group 4 Electronics 00103240 00103542 00103545 00103546 Electronic Circuits and Devices Digital Electronic Systems Special Topics in Clinical Engineering Advanced Electronics Group 5 Industrial Control and Robotics 00103250 00103351 00103352 00103553 00103554 00103555 00103453 Instrumentation and Control Systems Industrial Systems Further Control Syste",en,Electrical Engineering,Electrical_StudyPlan 1.txt,source
study_0040,study_plan,Electrical Engineering study plan,0103352 00103553 00103554 00103555 00103453 Instrumentation and Control Systems Industrial Systems Further Control Systems Industry 4.0 Mobile Robotics Industrial Robotics Special Topics 2 Group 6 Communications and Signal Processing 00103565 00103566 00103567 00103568 00103565 Special Topics in Communications Speech and Image Processing Telecommunication Principles Engineering Electromagnetics Special Topics in Communications Group 7 Data Science 00103570 00103571 00103572 00103573 00103574 00103375 Data Structures and Algorithms Data Analytics Artificial Intelligence and Engineering Applications Machine Learning Algorithms and Optimization Introduction to AI and Data Sciences Group 8 Computer 00103581 00103282 00103383 00103584 Embedded Systems Digital Design Programmable Logic Controllers Special Topics in Computer Engineering Group 9 Research & Professional Skills 00103490 00103591 0,en,Electrical Engineering,Electrical_StudyPlan 1.txt,source
study_0041,study_plan,Electrical Engineering study plan,"able Logic Controllers Special Topics in Computer Engineering Group 9 Research & Professional Skills 00103490 00103591 00103492 00103494 00103595 00103596 00103497 00103498 Research Project for Electrical Engineers Capstone Project for Electrical Engineers Practical Training for Electrical Engineers Practical Training for Electrical Engineers Continuation Capstone Project for Electrical Engineering Capstone Project for Electrical Engineering Continuation Practical Training for Electrical Engineering (PATH) Practical Training for Electrical Engineering (PATH) Continuation 12 Course Descriptions University Compulsory Course Descriptions 30301120: Pre-Foundation English Elementary Intensive + Lab, 4 Cr (6,3) This foundation course deals with all language skills: speaking, listening, reading, writing, grammar review, and vocabulary building.",en,Electrical Engineering,Electrical_StudyPlan 1.txt,source
study_0042,study_plan,Electrical Engineering study plan,"n course deals with all language skills: speaking, listening, reading, writing, grammar review, and vocabulary building. The overall objective of the course is to ensure that students will be able to understand straightforward information in the spoken and written language and to express themselves in speech and in writing for simple practical purposes in everyday situations requiring a simple and direct exchange of information. By the end of the course, students will reach an A2 level on the Global Scale of English (GSE). Students will be evaluated on their ability to understand sentences and frequently used expressions related to areas of most immediate relevance. Students will be able to describe in simple terms aspects of their background, immediate environment, and matters in areas of immediate need.",en,Electrical Engineering,Electrical_StudyPlan 1.txt,source
study_0043,study_plan,Electrical Engineering study plan,"to describe in simple terms aspects of their background, immediate environment, and matters in areas of immediate need. This course also includes scheduled lab time, dedicated to practice and/or other work assigned by the instructor to enhance students’ communication skills [including assigned homework/in-class practice], writing or speaking workshops, and projects. Prerequisites : Placement test score: Pearson 0-35, VTEST A1, A2.1, A2.2 (0-34), TOEFL IBT: 0-31, IELTS: 0- 4.0, TOEFL ITP: 0-399 30301121: Pre-Intermediate English Intensive + Lab, 4 Cr (6,3) This foundation course deals with all language skills: speaking, listening, reading, writing, grammar review, and vocabulary development.",en,Electrical Engineering,Electrical_StudyPlan 1.txt,source
study_0044,study_plan,Electrical Engineering study plan,"ourse deals with all language skills: speaking, listening, reading, writing, grammar review, and vocabulary development. The overall objective of the course is to ensure that students could understand and express in speech and writing: information, ideas, feelings, opinions, and common functions about situations relating to English skills. By the end of the course, students will reach a B1 level on the Global Scale of English (GSE). Students will be evaluated on their ability to understand the main points of clear standard input on familiar matters regularly encountered in the typical work-related environment/setting, specifically in relation to technical- English related communication skills.",en,Electrical Engineering,Electrical_StudyPlan 1.txt,source
study_0045,study_plan,Electrical Engineering study plan,"e typical work-related environment/setting, specifically in relation to technical- English related communication skills. In addition, students are required to be able to deal with most situations likely to arise while at the workplace or in the field where English is spoken; in addition to the type of setting they would need to communicate to other stakeholders (customer/ client, supervisor, sponsor/funding entity/ supplier and so on). Students will be able to produce simple connected text on topics which are familiar in their field of study, and in relation to basic communication skills needed. Finally, students will be able to describe experiences and work-related skills, their opinion, plans, and other practical, relevant communication skills.",en,Electrical Engineering,Electrical_StudyPlan 1.txt,source
study_0046,study_plan,Electrical Engineering study plan,"describe experiences and work-related skills, their opinion, plans, and other practical, relevant communication skills. This course also includes a scheduled lab time, dedicated to practice and/or other work assigned by the instructor to enhance students’ communication skills [including assigned homework/in-class practice], writing or speaking workshops, and projects pertaining. 13 Prerequisites : Placement test score: Pearson 36 -46, VTEST B1.1 (35 -45), TOEFL IBT: 32 -42 (Minimum score of 6 in each of the four sections), IELTS: 4.5 (Minimum score of 4.0 in each of the four sections), TOEFL ITP: 400-442, or 30301120 30301122: English Intermediate, 3 Cr (6,0) This course is meant to follow on from 30301121; it is for students who have completed level 2 and now require an intermediate course in Technical English, and it is benchmarked against CEFR level B1+.",en,Electrical Engineering,Electrical_StudyPlan 1.txt,source
study_0047,study_plan,Electrical Engineering study plan,"leted level 2 and now require an intermediate course in Technical English, and it is benchmarked against CEFR level B1+. This course targets students in technical or vocational education who want to develop their careers and technical skills, as it aims to prepare them for the successful and effective use of English in their studies and occupations. The course adopts a practical task-based approach, consisting of work-specific communicative functions, technology-specific notions or concepts, grammar, vocabulary, and skills. The syllabus is designed to reflect current and future developments in technology, whereby everything is selected based on high frequency of use and relevancy of needs across a range of technical contexts, including technical training and work contexts .",en,Electrical Engineering,Electrical_StudyPlan 1.txt,source
study_0048,study_plan,Electrical Engineering study plan,"ncy of use and relevancy of needs across a range of technical contexts, including technical training and work contexts . Prerequisites : Placement test score: Pearson 47-58, VTEST B1.2 (46-55), TOEFL IBT: 43-52 (Minimum score of 10 in each of the four sections), IELTS: 5.0 (Minimum score of 4.5 in each of the four sections) TOEFL ITP: 443-476, or 30301121 30301123: English Upper-Intermediate, 3 Cr (6,0) This course is for students in technical or vocational education, and for company employees in training at work. It covers the core language and skills that students need to communicate successfully in all technical and industrial specializations. It is for students who have an intermediate level of general English and now require an upper intermediate course in English for specific purposes. This is benchmarked against CEF level B2.",en,Electrical Engineering,Electrical_StudyPlan 1.txt,source
study_0049,study_plan,Electrical Engineering study plan,"and now require an upper intermediate course in English for specific purposes. This is benchmarked against CEF level B2. The course uses a multi-thread syllabus consisting mainly of communicative functions, notions, grammar, vocabulary, and skills. The work-specific communicative functions (e.g., giving instructions, making recommendations') and technology-specific notions or concepts (e.g., causation, resistance) are selected on the basis of relevance to the needs of students in technical training and work contexts. Grammatical exponents of functions and notions are selected based on frequency and relevance to needs. In this level, the syllabus organization is increasingly driven by topics, skills and genre or text type, within which appropriate grammar, vocabulary, functions, and notions are introduced or recycled.",en,Electrical Engineering,Electrical_StudyPlan 1.txt,source
study_0050,study_plan,Electrical Engineering study plan,"and genre or text type, within which appropriate grammar, vocabulary, functions, and notions are introduced or recycled. The vocabulary of the course is a selection of common core lexical items that have a high frequency of use across a range of technical and industrial contexts. Many of these items can be found in general contexts but have a greater frequency and often a more specific meaning in technical contexts. Many of them are the kind of words which a specialist in one field might use to explain technical concepts and specialized terms to the public, or to specialists in other fields.",en,Electrical Engineering,Electrical_StudyPlan 1.txt,source
study_0051,study_plan,Electrical Engineering study plan,"ne field might use to explain technical concepts and specialized terms to the public, or to specialists in other fields. Prerequisites : Placement test score: Pearson 59-68, VTEST: B2.1 (56-68), TOEFL IBT: 53-78 (Minimum score of 14 in each of the four sections), IELTS: 5.5-6.0 (Minimum score of 5.0 in each of the four sections), TOEFL ITP: 477-547, or 30301122 14 30301124: English Advanced Course, 3 Cr (6,0) This course is meant to follow 30301123. This course deals with all language skills: speaking, listening, reading, writing, grammar review, and vocabulary building. The overall objective of the course is to ensure that students can understand and respond appropriately in the spoken and written form to a wide range of demanding, longer texts and recognize implicit meaning. By the end of the course, students will reach a C1 level on the Global Scale of English (GSE).",en,Electrical Engineering,Electrical_StudyPlan 1.txt,source
study_0052,study_plan,Electrical Engineering study plan,"cognize implicit meaning. By the end of the course, students will reach a C1 level on the Global Scale of English (GSE). Students will be evaluated on their ability to express themselves fluently and spontaneously without much obvious searching for expressions. In addition, students are required to be able to use language flexibly and effectively for social, academic, and professional purposes. Students will be able to produce clear, well- structured, detailed text on complex subjects, showing controlled use of organizational patterns, connectors, and cohesive devices. (Exempted if Placement test score: Pearson ≥ 81, VTEST ≥ C1 (≥81), TOEFL IBT: ≥ 102 (Minimum score of 22 in each of the four sections), IELTS: ≥ 7.5 (Minimum score of 6.5 in each of the four sections), TOEFL ITP: ≥ 608).",en,Electrical Engineering,Electrical_StudyPlan 1.txt,source
study_0053,study_plan,Electrical Engineering study plan,"f 22 in each of the four sections), IELTS: ≥ 7.5 (Minimum score of 6.5 in each of the four sections), TOEFL ITP: ≥ 608). Prerequisites : Placement test score: Pearson 69-80, VTEST B2.2 (69-80), TOEFL IBT: 79-101 (Minimum score of 18 in each of the four sections), IELTS: 6.5-7.0 (Minimum score of 6.0 in each of the four sections), TOEFL ITP: 548-607, or 30301123 40302111: Professional Skills, 1 Cr (2,0) This course introduces students to the basic personal and interdependent competencies necessary to have a successful career and lead a fulfilling life. The course focuses on developing students’ self-awareness, self- esteem, and confidence relative to goal development, values, interests, and skills. The course gives special attention to interpersonal and communication skills including listening, speaking, and writing.",en,Electrical Engineering,Electrical_StudyPlan 1.txt,source
study_0054,study_plan,Electrical Engineering study plan,"The course gives special attention to interpersonal and communication skills including listening, speaking, and writing. In addition, the course introduces students to effective time management and organizational skills, the dynamics of working within a team, and how attitude affects interpersonal relationships. The course serves as a prerequisite for a later course, Soft Skills II, which focuses on professional practice and career readiness. Prerequisites: - 40302112: Professional Practice, 3 Cr (4,0) This course aims to cover the general aspects of employability skills and to provide students with the tools and resources needed to make informed career decisions. The course put special emphasis on skills that can be transferable among a variety of professions and careers and are considered essential in any employment setting.",en,Electrical Engineering,Electrical_StudyPlan 1.txt,source
study_0055,study_plan,Electrical Engineering study plan,"t can be transferable among a variety of professions and careers and are considered essential in any employment setting. Students will learn to assess and identify the skills required to increase their chances of finding a job and perform better in the workplace. The course covers personal and interpersonal skills, written communication, teamwork, and leadership development. The course introduces students to critical thinking and problem-solving techniques in addition to personal and professional development planning. Prerequisites: 40302111 & 30301122 15 40302231: Entrepreneurship Bootcamp, 4 Cr (2,6) HTU’s Accelerated Innovation and Entrepreneurship Bootcamp is an experiential learning journey that all HTU students undergo as part of their degree program at HTU.",en,Electrical Engineering,Electrical_StudyPlan 1.txt,source
study_0056,study_plan,Electrical Engineering study plan,"rship Bootcamp is an experiential learning journey that all HTU students undergo as part of their degree program at HTU. Students are formed into high-performing teams with the mission to develop a desirable, feasible and viable solution that targets a specific customer segment with an attractive market size, while addressing one or more of the UN’s Sustainable Development Goals (SDG’s). Students leverage human-centered design and lean startup methodology to develop their prototypes and iterate on their solutions, while building an investable business case delivered through a final mission report and rocket pitch.",en,Electrical Engineering,Electrical_StudyPlan 1.txt,source
study_0057,study_plan,Electrical Engineering study plan,"n their solutions, while building an investable business case delivered through a final mission report and rocket pitch. The Bootcamp equips students with the necessary business acumen than enhances their entrepreneurial and intrapreneurial mindset, skillset, and toolset while providing a transformative opportunity to upgrade their modes of being, thinking and doing, and to challenge what is possible for themselves and the world around them. Prerequisites: 40302112 & 30301123 30302232: Leadership Camp, 1 Cr (0,3) A fundamental principle in teaching leadership is engaging students in experiential learning so they can mature into their leadership capacity. This course provides students with the diagnostic tools and strategic foundation for leading organizations, communities, and society.",en,Electrical Engineering,Electrical_StudyPlan 1.txt,source
study_0058,study_plan,Electrical Engineering study plan,"rovides students with the diagnostic tools and strategic foundation for leading organizations, communities, and society. Students will practice a set of tools and behaviors that will allow them to improve their self-efficacy and develop their leadership skills. The course provides a safe and supportive environment where students will learn from actual experience and apply the concepts in real life settings and situations. The emphasis will be on experiential learning and the application of leadership concepts.",en,Electrical Engineering,Electrical_StudyPlan 1.txt,source
study_0059,study_plan,Electrical Engineering study plan,"life settings and situations. The emphasis will be on experiential learning and the application of leadership concepts. Prerequisites: 30302231 or 40302231 30301110: Remedial Arabic, 3 Cr (3,0) The course aims to improve the student's abilities in reading and comprehending texts' primary, secondary, and missing ideas and how to extract them; recognizing words' equivalent meanings in texts; differentiating opinion from fact; recognizing similarities contained therein; comparing texts read with texts that are similar to them; and reasoning on the writer's attitude toward a topic by determining the implicit meanings contained.",en,Electrical Engineering,Electrical_StudyPlan 1.txt,source
study_0060,study_plan,Electrical Engineering study plan,"e similar to them; and reasoning on the writer's attitude toward a topic by determining the implicit meanings contained. The course also aims to teach students the fundamentals of writing in Arabic, so that they can write a paragraph and a summary in a sound Arabic language that is free of spelling and linguistic errors, expressing their thoughts and feelings while adhering to the correct language rules, using the correct conjunctions, punctuation marks, and Arabic styles, and developing speaking skills about their family and community while adhering to the correct language rules respecting his teacher and fellow students, responding to their queries with a declaration of his views and supporting it with facts.",en,Electrical Engineering,Electrical_StudyPlan 1.txt,source
study_0061,study_plan,Electrical Engineering study plan,"s teacher and fellow students, responding to their queries with a declaration of his views and supporting it with facts. The course also aims to improve the student's listening abilities so that he can comprehend the speaker's main idea and supporting ideas, recognize the connections between them, and classify the ideas he heard with the ability to remember the right ones and be able to recognize strengths and weaknesses in the speaker's text. Prerequisites: Arabic Placement test 0-59 16 30301111: Arabic Language & Communication Skills, 1 Cr (1,0) In this level, students should understand the main ideas of complex texts on both concrete and abstract topics. Further, they should understand a wide range of demanding, long texts, and recognize implicit meanings.",en,Electrical Engineering,Electrical_StudyPlan 1.txt,source
study_0062,study_plan,Electrical Engineering study plan,"abstract topics. Further, they should understand a wide range of demanding, long texts, and recognize implicit meanings. Analytical thinking is stressed at this stage as students should use the language skills they have developed to engage in discussions about different topics. They will also develop and use their writing skills in different genres. They will be asked to present reports, articles, and essays on a wide variety of topics. Students will also develop their media skills tools and learn how to critically talk about and respond to a wide range of media reports. In addition, functional syntax will be deployed and will serve the aforementioned skills and goals. Finally, compiled authentic teaching materials will be used in this level.",en,Electrical Engineering,Electrical_StudyPlan 1.txt,source
study_0063,study_plan,Electrical Engineering study plan,"ll serve the aforementioned skills and goals. Finally, compiled authentic teaching materials will be used in this level. Prerequisites: Arabic Placement test score ≥60 or 30301110 30302129: Military Science, 1 Cr (1,0) The Military Science course is one of many components of the National Strategy for Higher Education in Jordan and is thus an extension of the Ministry of Education’s philosophy for Higher Education. The course covers the concept of a comprehensive national security strategy, both its traditional and social definitions, with the aim of consolidating the values of loyalty and belonging to the nation, which includes the land and its people, the system of governance, and the national security systems and military institutions; the course thus prepares students to fulfil their roles in society as self-aware and responsible citizens who hold the power to advance positive change",en,Electrical Engineering,Electrical_StudyPlan 1.txt,source
study_0064,study_plan,Electrical Engineering study plan,"s to fulfil their roles in society as self-aware and responsible citizens who hold the power to advance positive change and maintain a safe and stable nation. Furthermore, the course aims to enrich students’ knowledge about the history of the Hashemite Kingdom of Jordan and its development, and to provide essential information about the Jordanian armed forces and security systems, highlighting their crucial role in protecting our nation’s greater interests, and in serving and supporting the development of the local, Arab, and global communities. Moreover, the course aims to increase students’ awareness of the concept of national security through a comprehensive study of critical issues, including psychological warfare and the dangers of drugs and terrorism.",en,Electrical Engineering,Electrical_StudyPlan 1.txt,source
study_0065,study_plan,Electrical Engineering study plan,"hrough a comprehensive study of critical issues, including psychological warfare and the dangers of drugs and terrorism. Ultimately, the course aims to highlight the benefits of holding on to our treasured Jordanian values of loyalty, belonging, citizenship, and the importance of utilizing our national resources. Prerequisites: - University Elective Course Descriptions 30301130: Foundational French Language, 1 Cr (3,0) By the end of this course, the student will be able to communicate in French using basic greetings, asking directions, writing short simple notes and emails, understanding simple question on familiar topics, and introducing him/herself to others. By the end of the course, the student will have attained a high-A1 level on the CEFR scale.",en,Electrical Engineering,Electrical_StudyPlan 1.txt,source
study_0066,study_plan,Electrical Engineering study plan,"ucing him/herself to others. By the end of the course, the student will have attained a high-A1 level on the CEFR scale. 17 Prerequisites : - 30301131: French Language Level 1, 1 Cr (3,0) By the end of this course, the student will be able to use a wide variety of verb tenses and lexical items in Italian. The student will be able to understand simple questions in questionnaires on familiar topics, recognize phrases and content words related to basic personal and family information, make, and accept a simple apology, and write simple sentences about personal skills. By the end of the course, the student will have attained a low-A2 level on the CEFR scale. Prerequisites: 30301130 30301232: French Language Level 2, 1 Cr (3,0) By the end of this course, students can understand the main points of clear standard speech on familiar subjects in work, school, leisure activities, etc.",en,Electrical Engineering,Electrical_StudyPlan 1.txt,source
study_0067,study_plan,Electrical Engineering study plan,"s can understand the main points of clear standard speech on familiar subjects in work, school, leisure activities, etc. Students will be able to conduct conversations in most situations when travelling in a region where the language is spoken. They will be able to produce a simple and cohesive text on familiar subjects or subjects of personal interest. Students will be able to narrate an event, an experience or a dream, describe a desire or goal, and outline reasons or explanations behind a project or idea. Prerequisites: 30301131 30301233: French Language Level 3, 1 Cr (3,0) By the end of this course, students will be able to understand the main ideas of concrete or abstract topics, including technical articles in the user’s area of expertise. They will be able to communicate with a degree of spontaneity and fluency during a conversation with a native speaker.",en,Electrical Engineering,Electrical_StudyPlan 1.txt,source
study_0068,study_plan,Electrical Engineering study plan,". They will be able to communicate with a degree of spontaneity and fluency during a conversation with a native speaker. Students will be able to speak in a clear, detailed way on a number of subjects and express an opinion on current affairs, giving the advantages and disadvantages of the various options. Prerequisites: 30301232 30301140: Foundational German Language, 1 Cr (3,0) By the end of this course, the student will be able to communicate in German basic greetings, asking directions, writing short simple notes and emails, understanding simple question on familiar topics, and introducing him/herself to others. By the end of the course, the student will have attained a high-A1 level on the CEFR scale. Prerequisites: - 30301141: German Language level 1, 1 Cr (3,0) By the end of this course, the student will be able to use a wide variety of verb tenses and lexical items in German.",en,Electrical Engineering,Electrical_StudyPlan 1.txt,source
study_0069,study_plan,Electrical Engineering study plan,"0) By the end of this course, the student will be able to use a wide variety of verb tenses and lexical items in German. The student will be able to understand simple questions in questionnaires on familiar topics, recognize phrases and content words related to basic personal and family information, make, and accept a 18 simple apology, and write simple sentences about personal skills. By the end of the course, the student will have attained a mid-A2 level on the CEFR scale. Prerequisites: 30301140 30301150: Foundational Spanish, 1 Cr (3,0) By the end of this course, the student will be able to communicate in Spanish using basic greetings, asking directions, writing short simple notes and emails, understanding simple question on familiar topics, and introducing him/herself to others. By the end of the course, the student will have attained a high-A1 level on the CEFR scale.",en,Electrical Engineering,Electrical_StudyPlan 1.txt,source
study_0070,study_plan,Electrical Engineering study plan,"ucing him/herself to others. By the end of the course, the student will have attained a high-A1 level on the CEFR scale. Prerequisites: - 30301160 Foundational Turkish, 1 Cr (3,0) By the end of this course, the student will be able to communicate in Turkish basic greetings, asking directions, writing short simple notes and emails, understanding simple question on familiar topics, and introducing him/herself to others. By the end of the course, the student will have attained a high-A1 level on the CEFR scale. Prerequisites: - 30301170: Foundational Italian, 1 Cr (3,0) By the end of this course, the student will be able to communicate in Italian using basic greetings, asking directions, writing short simple notes and emails, understanding simple question on familiar topics, and introducing him/herself to others.",en,Electrical Engineering,Electrical_StudyPlan 1.txt,source
study_0071,study_plan,Electrical Engineering study plan,"short simple notes and emails, understanding simple question on familiar topics, and introducing him/herself to others. By the end of the course, the student will have attained a high-A1 level on the CEFR scale . Prerequisites: - 30301171: Italian Language Level 1, 1 Cr (3,0) By the end of this course, the student will be able to use a wide variety of verb tenses and lexical items in Italian. The student will be able to understand simple questions in questionnaires on familiar topics, recognize phrases and content words related to basic personal and family information, make, and accept a simple apology, and write simple sentences about personal skills. By the end of the course, the student will have attained a low-A2 level on the CEFR scale.",en,Electrical Engineering,Electrical_StudyPlan 1.txt,source
study_0072,study_plan,Electrical Engineering study plan,"tences about personal skills. By the end of the course, the student will have attained a low-A2 level on the CEFR scale. Prerequisites: 30301170 30301180: Chinese 1, 1 Cr (3,0) This course introduces students to the standard Chinese language and is designed for students with no or minimal previous background in spoken or written Chinese. Students in this course focus on learning essential vocabulary, practicing pronunciation, and understanding simple grammatical structures. This knowledge prepares students to effectively communicate in Chinese on a limited range of topics related to 19 everyday situations. Students practice listening and speaking in real-life situations, learn to read and write Chinese characters, and examine how culture and language interact in China.",en,Electrical Engineering,Electrical_StudyPlan 1.txt,source
study_0073,study_plan,Electrical Engineering study plan,"eal-life situations, learn to read and write Chinese characters, and examine how culture and language interact in China. In-class activities and course assignments aim to assist students as they develop the oral proficiency and confidence necessary to initiate simple conversations. Out-of-classroom experiences such as field trips and guided interactions with native speakers supplement formal classroom instruction and provide ample opportunities for practical engagement. Prerequisites: - 30301221: Development Academic Writing, 1 Cr (3,0) This course develops students’ abilities in academic writing. Focus will be given to sentence structure, paragraph writing, revision, punctuation, parallelism, and cohesion. Students, in conjunction with the instructor, will decide on a topic for the culminating paper, which will be developed throughout the semester.",en,Electrical Engineering,Electrical_StudyPlan 1.txt,source
study_0074,study_plan,Electrical Engineering study plan,"with the instructor, will decide on a topic for the culminating paper, which will be developed throughout the semester. Students will have weekly writing assignments to develop the writing features being discussed. This course is meant for students who have passed or tested out of Advanced English in the Intensive English program. Prerequisites: 30301124, or by permission of the department 30301222: Research and Technical Writing, 1 Cr (3,0) This course follows 30301220, or any student who has exempted out of English courses. Research and Technical Writing develops students’ abilities in writing persuasive and explanatory texts in several formats: emails, reports, theses, among others. Focus will be given to establishing a clear thesis statement, developing a cohesive argument throughout the text, and creating a compelling summary.",en,Electrical Engineering,Electrical_StudyPlan 1.txt,source
study_0075,study_plan,Electrical Engineering study plan,"lishing a clear thesis statement, developing a cohesive argument throughout the text, and creating a compelling summary. Various rhetorical devices will be discussed, such as alliteration, anaphora, hedging, hyperbole, litotes, metaphor, simile, etc. Students, in conjunction with the instructor, will decide on a topic for the culminating paper, which will be developed throughout the semester. Students will learn proper citation of quoted material according to APA or MLA standards. Students will have weekly writing assignments using various expository devices, such as descriptive essays, process essays, comparison essays, cause and effect essays, and problem and solution essays.",en,Electrical Engineering,Electrical_StudyPlan 1.txt,source
study_0076,study_plan,Electrical Engineering study plan,"such as descriptive essays, process essays, comparison essays, cause and effect essays, and problem and solution essays. Prerequisites: 30301124, or by permission of the department 30302121: Science and Society Seminar I: Arab Contributions to Science and Arts, 1 Cr (3,0) This seminar-based course highlights Arab contributions to science and arts since the early Mesopotamian and Phoenician civilizations with particular emphasis on contributions during the Middle Ages under Islam . Prerequisites: - 30302122: Science & Society Seminar II: Philosophy of Science, 1 Cr (3,0) This course explores the effects of scientific and technological developments on various aspects of society.",en,Electrical Engineering,Electrical_StudyPlan 1.txt,source
study_0077,study_plan,Electrical Engineering study plan,"1 Cr (3,0) This course explores the effects of scientific and technological developments on various aspects of society. It is designed to illuminate the distinctive character of science and its relevance to the challenges facing our 20 world, including environmental concerns, public and global policy, international competitiveness, and legal and ethical liabilities. Prerequisites: - 30302123: Art Appreciation and Techniques, 1 Cr (3,0) This course affords students a basic understanding of the main elements of art. It covers context and subject and analyzes the main arguments around aesthetics. The course also presents an overview of art history as it relates to other historical, sociocultural, and political aspects. The course aims to prepare students to be critically observant and to assess different symbolic values within artwork.",en,Electrical Engineering,Electrical_StudyPlan 1.txt,source
study_0078,study_plan,Electrical Engineering study plan,". The course aims to prepare students to be critically observant and to assess different symbolic values within artwork. The course is intended to raise students’ awareness of the role of the arts and culture in their everyday lives regardless of students’ areas of concentration and to promote an appreciation for, and interest in, the arts. Prerequisites: - 30302124: Civil and Professional Culture, 1 Cr (3,0) This course aims to consolidate and enhance students’ knowledge of their native Jordan, the efforts of the Hashemite Kings in serving the Arab nation, its causes, and the establishment and development of the Jordanian state. It introduces students to the development of Jordanian political and constitutional life as well as to the emergence and development of Jordanian civil society.",en,Electrical Engineering,Electrical_StudyPlan 1.txt,source
study_0079,study_plan,Electrical Engineering study plan,"t of Jordanian political and constitutional life as well as to the emergence and development of Jordanian civil society. This course focuses on building students’ professionalism and defining the concepts of professional work and ethics. Students will learn about legislation related to professional work as well as trade union institutions, professionalism, and labor. Prerequisites: - 30302125: Rights and Responsibilities: Understanding Human Rights, 1 Cr (3,0) This course aims to introduce students to the basic concept of human rights. Students will be expected to understand and internalize human rights values including tolerance, gender equality; and freedom from discrimination based on race, color, and ethnicity. The course aims to contribute to the full development of students’ personalities by increasing their sense of dignity and appreciation for the rights of others.",en,Electrical Engineering,Electrical_StudyPlan 1.txt,source
study_0080,study_plan,Electrical Engineering study plan,"l development of students’ personalities by increasing their sense of dignity and appreciation for the rights of others. Students will also cultivate a sense of responsibility to promote and defend others’ rights. Students will develop their advocacy skills by identifying key human rights issues in their local context and proposing courses of action to advance human rights. Prerequisites: - 30302126: Introduction to cultural Anthropology-Focus on Urban Anthropology, 1 Cr (3,0) An introductory course in cultural anthropology with a focus on urban anthropology is an important course for students in various areas of study, since it offers them training in cross-cultural perspectives, whether on a local or global level. It is also increasingly important for students of the built environment and the local communities they work with.",en,Electrical Engineering,Electrical_StudyPlan 1.txt,source
study_0081,study_plan,Electrical Engineering study plan,"level. It is also increasingly important for students of the built environment and the local communities they work with. Through looking at different anthropological case studies, from Jordan, the region and globally, the course will consider such issues as the meaning of culture from an anthropological perspective and how it affects society; cultural diversity and sociocultural communication; the relationship of people to the land, their environment and their experiences of space and place; urban anthropology from 21 a theoretical and historical context; changing city structures and “temporary” dwellings such as local refugee camps; ethics in social research and methods in ethnographic fieldwork; and qualitative data gathering, amongst other areas .",en,Electrical Engineering,Electrical_StudyPlan 1.txt,source
study_0082,study_plan,Electrical Engineering study plan,"; ethics in social research and methods in ethnographic fieldwork; and qualitative data gathering, amongst other areas . Prerequisites: - 30302127: Jerusalem, History and Civilization, 1 Cr (3,0) This course focuses on introducing Jerusalem in terms of geography and history across the ages, and its religious and cultural importance since the Arab Islamic conquest in the period of the Rightly Guided Caliphs era and through the successive Islamic periods. Moreover, the course sheds light on the Ottoman period, and the political, civilizational and administrative realities during that period, as well as treating the genesis of the movement of Jewish migration and settlement in the latter part of the Ottoman period.",en,Electrical Engineering,Electrical_StudyPlan 1.txt,source
study_0083,study_plan,Electrical Engineering study plan,"ell as treating the genesis of the movement of Jewish migration and settlement in the latter part of the Ottoman period. The course focuses on the practices of the British Mandate and its contribution to the attempts to Judaize the city, culminating with the Israeli occupation of western Jerusalem in 1948, and subsequently the Israeli occupation of East Jerusalem in 1967. Furthermore, light is shed on Israeli practices targeting the Arab identity of Jerusalem in terms of the demographic composition and holy places, and Islamic and Christian endowments. The course explains the Jordanian Hashemite efforts and its role in defending Jerusalem and safeguarding its Arab character.",en,Electrical Engineering,Electrical_StudyPlan 1.txt,source
study_0084,study_plan,Electrical Engineering study plan,"course explains the Jordanian Hashemite efforts and its role in defending Jerusalem and safeguarding its Arab character. Prerequisites: - 30302128: Jordan: History and Civilization, 1 Cr (3,0) Jordan: History and Civilization course is concerned with introducing Jordan's history, sheds light on Jordan's geography, topography, climate, and natural resources, and is interested in studying Jordan's prehistoric history and ancient historical times. To examine Jordan's position and role in successive Islamic times.",en,Electrical Engineering,Electrical_StudyPlan 1.txt,source
study_0085,study_plan,Electrical Engineering study plan,"n's prehistoric history and ancient historical times. To examine Jordan's position and role in successive Islamic times. The course also highlights Jordan's administrative, economic, and social conditions during the Ottoman period 1516-1918, and is interested in studying Jordan's circumstances and conditions during the first world war of 1914-1918, the establishment of the Emirate of Eastern Jordan in 1921, and the most prominent political, economic, and social developments occurred in Jordan during the emirate in 1921- 1946. It explained the importance of the achievements took place in Jordan during the reign of the Hashemite kings Talal bin Abdullah and Hussein bin Talal from 1951 to 1999. To study the origins and development of Jordanian constitutional authorities (executive, legislative and judicial), and Jordanian educational, economic, social, military and security institutions.",en,Electrical Engineering,Electrical_StudyPlan 1.txt,source
study_0086,study_plan,Electrical Engineering study plan,"(executive, legislative and judicial), and Jordanian educational, economic, social, military and security institutions. Introducing Jordan's role in the Palestinian cause, the Jordanian-Palestinian unity phase 1950-1988, and Jordan's sacrifices in the Arab Israeli wars and their consequences and effects on it. It examined King Abdullah II's efforts in building and modernizing the Hashemite Kingdom of Jordan from 1999 to 2021. Assess the Jordanian state's march in its centenary, and a future look. Prerequisites: - 30302133: Principles of Management, 1 Cr (3,0) This course introduces students to the management process of a business organization. The course emphasizes basic concepts and functions of management by examining the processes of planning, organizing, leading, and controlling.",en,Electrical Engineering,Electrical_StudyPlan 1.txt,source
study_0087,study_plan,Electrical Engineering study plan,"basic concepts and functions of management by examining the processes of planning, organizing, leading, and controlling. Students will develop the skills and tools required to work with people 22 and resources to achieve organizational goals. Students will also develop their strategic management and decision-making capacities. Prerequisites: - 30302134: Strategies for Industry Competitiveness: Tools & Techniques, 1 Cr (3,0) This course covers the role of policy in industry competitiveness. The course examines firm strategies, cluster vitality, and the quality of the business environment in which competition takes place, all of which can determine a nation’s productivity. Prerequisites: - 30302135: Principles of Accounting, 1 Cr (3,0) This course provides students with the basic accounting principles, concepts, and terminology.",en,Electrical Engineering,Electrical_StudyPlan 1.txt,source
study_0088,study_plan,Electrical Engineering study plan,"of Accounting, 1 Cr (3,0) This course provides students with the basic accounting principles, concepts, and terminology. Students will become familiar with the basic financial statement analysis. Students will be able to understand and apply the basic elements of financial accounting information such as assets, liabilities, revenue, and expenses. Students will be able to understand and interpret income statement, balance sheet, and cash flow statement. Prerequisites: - 30302136: Principles of Economics, 1 Cr (3,0) This course covers the basic concepts of both microeconomics and macroeconomics. The first part of the course looks at resource allocation under scarcity, supply and demand analysis, and the theory behind consumer behavior.",en,Electrical Engineering,Electrical_StudyPlan 1.txt,source
study_0089,study_plan,Electrical Engineering study plan,"course looks at resource allocation under scarcity, supply and demand analysis, and the theory behind consumer behavior. The course further examines production decisions taken by firms under different types of market structure such as perfect competition, oligopoly, and monopoly. The second part of the course examines the wider economic phenomena and introduces the basic principles of the aggregate economy, such as determinates of national product, inflation, unemployment, and fiscal and monetary policy. Prerequisites: - 30302237: Free Choice Elective, 1 Cr (3,0) The free choice elective is designed to offer students the opportunity to explore a subject of interest under the supervision of a faculty member. The course may include coursework offered by online platforms (i.e.",en,Electrical Engineering,Electrical_StudyPlan 1.txt,source
study_0090,study_plan,Electrical Engineering study plan,"interest under the supervision of a faculty member. The course may include coursework offered by online platforms (i.e. HTUx, Coursera), directed readings, applied projects, independent research projects, or other appropriate activities. Prerequisites: - 40302233: Business Analytics, 1 Cr (3,0) The Business Analytics course provides students with the tools they need to put data to work; how to set up experiments, how to collect data, how to learn from data and make decisions to how to navigate the organizational, legal, and ethical issues involved in data-based decision making. The course teaches widely 23 used frameworks of business analytics: biases, experimentation, descriptive analytics, prescriptive analytics, predictive analytics. Students then implement the frameworks they have learned through assignments.",en,Electrical Engineering,Electrical_StudyPlan 1.txt,source
study_0091,study_plan,Electrical Engineering study plan,"scriptive analytics, predictive analytics. Students then implement the frameworks they have learned through assignments. The course includes case studies and examples from Google, Netflix, and others. The assignments and cases focus on interpreting the results of analysis and taking decisions based on those analysis. The course does not require coding. Prerequisites: - 40302221: Speech and Debate, 1 Cr (3,0) The Speech and Debate course aims to provide students with linguistic and basic debate skills in Arabic.",en,Electrical Engineering,Electrical_StudyPlan 1.txt,source
study_0092,study_plan,Electrical Engineering study plan,"ate, 1 Cr (3,0) The Speech and Debate course aims to provide students with linguistic and basic debate skills in Arabic. This course aims to improve the student's level of Arabic grammar as well as his vocabulary, linguistic structures, and linguistic style so that he can address political, social, and ethical issues through scientific debates and discourses presented in the classroom, by familiarizing him with unique and authentic models of ancient and modern discourses so that he can understand them. And walk according to the structure of his own speech. The course is also designed to teach students research skills, independent and collaborative learning, logical argumentation, problem-solving skills through critical and creative thinking, organizing ideas, presentation skills, and confidence.",en,Electrical Engineering,Electrical_StudyPlan 1.txt,source
study_0093,study_plan,Electrical Engineering study plan,"n, problem-solving skills through critical and creative thinking, organizing ideas, presentation skills, and confidence. The course contains theoretical sections that describe debate, public speaking, and other historical and contemporary speech forms. Examples include debating forms, speaker roles and arguments, developing team positions, interventions, and response speeches based on active learning techniques focused on discussion, working groups, and communication. Prerequisites: - 30301223: Introduction to Translation, 1 Cr (3,0) This course is aimed at beginners who would like to improve their translation skills in translating from Arabic to English and vice versa. This is a highly practical course whereby students will translate excerpts from technical, scientific, literary, and media texts.",en,Electrical Engineering,Electrical_StudyPlan 1.txt,source
study_0094,study_plan,Electrical Engineering study plan,"highly practical course whereby students will translate excerpts from technical, scientific, literary, and media texts. Students will learn the most effective translation practices guided by theoretical knowledge in the field, so that they produce high quality work and learn how to critically evaluate translations. They will also learn how to search for information from a variety of available resources and develop an awareness of linguistic and cultural differences, and the multiple levels of meanings and contexts. By the end of the course, students will have learned different translation strategies and methods and will be able to tackle source texts with competence, translating them professionally and critiquing their own and others’ work. Students will be assessed on their practical application of what we learned in class and on their ability to evaluate and critique translations.",en,Electrical Engineering,Electrical_StudyPlan 1.txt,source
study_0095,study_plan,Electrical Engineering study plan,"d on their practical application of what we learned in class and on their ability to evaluate and critique translations. Prerequisites: 30301124, or by permission of the department 30303110: Remedial Math, 2 Cr (2,0) This course serves as an introductory course designed specifically for students that lack a foundational knowledge in mathematics required to pursue a post high school degree (HNC, HND, or Bachelor’s). This course revisits topics typically covered in high school for students that failed to pass the mathematics placement test upon the admission process. The topics included in this unit are numbers, algebra and functions, geometry, and vectors. (Exempted if Math placement test (1) score ≥60%).",en,Electrical Engineering,Electrical_StudyPlan 1.txt,source
study_0096,study_plan,Electrical Engineering study plan,"n this unit are numbers, algebra and functions, geometry, and vectors. (Exempted if Math placement test (1) score ≥60%). 24 Prerequisites: Placement test 30303111: Functional Math, 3 Cr (3,0) This course reviews the fundamental concepts in numerical analysis, linear algebra, geometry, statistics, and probabilities. It strengthens problem-formulation skills (i.e., the ability to translate real application problems into a series of mathematical processes). It also focuses on developing the mathematical reasoning skills, such as mathematical deductions and proofs.",en,Electrical Engineering,Electrical_StudyPlan 1.txt,source
study_0097,study_plan,Electrical Engineering study plan,"processes). It also focuses on developing the mathematical reasoning skills, such as mathematical deductions and proofs. Prerequisites: Placement Test 30303112: Functional Physics , 3 Cr (3,0) This course demonstrates understanding and application of essential physics topics such as: Physics and measurements, motion in one dimension, vectors, motion in two dimensions, the laws of motion, forces and motion, applications of Newton’s laws (projectile, angular velocity, etc.), energy of a system, static equilibrium, and electricity and magnetism. Prerequisites: - 40303130: Fundamentals of Computing, 4 Cr (3,3) This course provides a comprehensive route to developing an in-depth exposure to personal computers, hardware, a range of operating systems, and in-depth programming in C.",en,Electrical Engineering,Electrical_StudyPlan 1.txt,source
study_0098,study_plan,Electrical Engineering study plan,"oping an in-depth exposure to personal computers, hardware, a range of operating systems, and in-depth programming in C. Students learn the functionality of various hardware and software components and best practices in maintenance and safety issues as well as programming in C, including variables, operations, functions, structures, and pointers. Prerequisites: - 00101100: Introduction to Engineering Drawing, 1 Cr (0,3) This course provides the fundamentals of engineering graphics and drawing. Among the topics covered are: drawing of orthographic, isometric and auxiliary projections, sectioning, dimensioning, scaling and documentation. Students learn and use the interface, structure, and commands of the latest version of a conventional computer-aided design (CAD) software.",en,Electrical Engineering,Electrical_StudyPlan 1.txt,source
study_0099,study_plan,Electrical Engineering study plan,"use the interface, structure, and commands of the latest version of a conventional computer-aided design (CAD) software. Prerequisites: - 00103101: STEM Lab I, 1 Cr (0,3) This course develops the basic skills in the fields of science, technology, engineering and mathematics through a set of practical experiments covering mechanical, electrical, electronics, automation, mechanics of materials, robotics, computer applications and process control. Prerequisites: - 25 00102102: STEM Lab II, 1 Cr (0,3) This course provides students with a modern hands-on technical perspective of STEM education as they are applied in professional settings.",en,Electrical Engineering,Electrical_StudyPlan 1.txt,source
study_0100,study_plan,Electrical Engineering study plan,"es students with a modern hands-on technical perspective of STEM education as they are applied in professional settings. The lab is equipped with state-of-the-art educational technologies in fields related - but not limited - to electromechanical systems, robotics, pneumatic systems, automation, image processing, sensor installation and calibration and material manufacturing processes. Prerequisites: 00103101 00101103: Workshop I, 2 Cr (0,6) This course develops the following basic skills: Hand filing, turning, welding, piping and plumbing, carpentry, brick laying, constructional works, surveying measurements, sheet metal fabrication, household electric circuits and installation of simple computer networks.",en,Electrical Engineering,Electrical_StudyPlan 1.txt,source
study_0101,study_plan,Electrical Engineering study plan,"rveying measurements, sheet metal fabrication, household electric circuits and installation of simple computer networks. Prerequisites: - 00101104: Workshop II, 1 Cr (0,3) This course covers hands-on training on manual and electric driven tools, electric arc welding, spot welding, resistance welding, sand casting, sheet-metal forming, longitudinal lathing, longitudinal and inclined turning and metal milling. Prerequisites: 00101103 00103110: Engineering Math, 4 Cr (3,3) This course aims to develop students’ skills in the mathematical principles and theories that are directly applicable to the engineering industry. Students will be introduced to mathematical methods and statistical techniques that enable them to analyze and solve problems within an engineering context.",en,Electrical Engineering,Electrical_StudyPlan 1.txt,source
study_0102,study_plan,Electrical Engineering study plan,"matical methods and statistical techniques that enable them to analyze and solve problems within an engineering context. Among the topics included in this course are: Arithmetic and geometric progressions (exponential, logarithmic, circular and hyperbolic functions), mean and standard deviation of grouped data, linear regression, binomial and normal distributions. In addition to sine waves and their applications, trigonometric and hyperbolic identities, vector functions and the use of differential and integral calculus in solving engineering problems. Prerequisites: 30303111 00102111: Engineering Science, 4 Cr (3,3) This course introduces the fundamental laws and applications of the physical sciences within engineering and the application of this knowledge in finding solutions to a variety of engineering problems.",en,Electrical Engineering,Electrical_StudyPlan 1.txt,source
study_0103,study_plan,Electrical Engineering study plan,"nces within engineering and the application of this knowledge in finding solutions to a variety of engineering problems. Among the topics included in this course are: international system of units, interpreting data, static and dynamic forces, fluid mechanics and thermodynamics, material properties and failure, in addition to A.C./D.C. circuit theories. Prerequisites: 30303112 26 00101112: Engineering Design, 4 Cr (3,3) This course introduces the methodical steps that engineers use in creating functional products and processes, starting from a design brief to the work and the stages involved in identifying and justifying a solution to a given engineering need.",en,Electrical Engineering,Electrical_StudyPlan 1.txt,source
study_0104,study_plan,Electrical Engineering study plan,"a design brief to the work and the stages involved in identifying and justifying a solution to a given engineering need. Among the topics included in this course are: Gantt charts and critical path analysis, stakeholder requirements, market analysis, design process management, modelling and prototyping, manufacturability, reliability life-cycle, safety and risk management, calculations, drawings and concepts and ergonomics. Prerequisites: 00101100 00102220: Managing a Professional Engineering Project, 4 Cr (3,3) This course introduces students to the techniques and best practices required to successfully create and manage an engineering project designed to identify a solution to an engineering need.",en,Electrical Engineering,Electrical_StudyPlan 1.txt,source
study_0105,study_plan,Electrical Engineering study plan,"equired to successfully create and manage an engineering project designed to identify a solution to an engineering need. Among the topics covered in this course are: roles, responsibilities and behaviors of a professional engineer, planning a project, project management stages, devising solutions, theories and calculations, management using a Gantt chart, evaluation techniques, communication skills, and the creation and presentation of a project report. Prerequisites: 00101112 00103375: Introduction to AI and Data Science, 3 Cr (2,3) . This course is an introduction to Artificial Intelligence and Data Science. It provides an overview of AI development history, explains AI ethics, and discusses future trends. The course reviews basic math concepts in Calculus, Linear Algebra, and Probability Theory. The math exposure will be limited and only essential concepts will be discussed.",en,Electrical Engineering,Electrical_StudyPlan 1.txt,source
study_0106,study_plan,Electrical Engineering study plan,"Linear Algebra, and Probability Theory. The math exposure will be limited and only essential concepts will be discussed. The course will introduce the following topics: Data Visualization, Data Pre-Processing, Missing Data, Normalization and Standardization, Log Transformation, Cross and Auto Correlation, Linear and Nonlinear Regression, Clustering and Classification, Machine Learning, Artificial Neural Networks, Deep Learning, Supervised and Unsupervised learning. Different examples and case studies will be provided and discussed. The course will introduce Python with its most popular packages (NumPy, Pandas, Matplotlib, Scikit-learn, and TensorFlow) and introduce available platform environments. This is a hands-on and projects-based course and will include laboratory that will enhance the students’ coding skills.",en,Electrical Engineering,Electrical_StudyPlan 1.txt,source
study_0107,study_plan,Electrical Engineering study plan,"This is a hands-on and projects-based course and will include laboratory that will enhance the students’ coding skills. Prerequisites: 40303130 & 00103110 00103205: Advanced Workshop for Electrical Engineers, 1 Cr (0,3) This course develops high-level skills in designing and building industrial control systems. It includes a set of practical experiments covering a variety of topics, such as: starting and driving circuits of different motor types in addition to different low-current systems (fire alarm, security and IP-based CCTV systems). Prerequisites: 00113104 27 00103230: Electrical and Electronic Principles, 4 Cr (3,3) This course provides students with a good and wide-ranging grasp of the fundamental principles of electrical and electronic circuits and devices.",en,Electrical Engineering,Electrical_StudyPlan 1.txt,source
study_0108,study_plan,Electrical Engineering study plan,"ents with a good and wide-ranging grasp of the fundamental principles of electrical and electronic circuits and devices. Topics included in this course are: Analysis of simple circuits with constant voltages and currents, using circuit laws, Kirchhoff’s and Thevenin’s laws, and the superposition principle. In addition to the analysis of simple circuits with sinusoidal voltages and currents, basis of semiconductor action and its applications to simple electronic devices, such as junction diode, Zener diode, light emitting diode, bipolar transistor, junction field-effect transistor (FET), and metal-oxide- semiconductor FET (MOSFET), highlighting the difference between analogue and digital electronics and their applications. Prerequisites: 00102111 00103282: Digital Design, 3 Cr (2,3) This course introduces the two main branches of digital electronics: Combinational and sequential.",en,Electrical Engineering,Electrical_StudyPlan 1.txt,source
study_0109,study_plan,Electrical Engineering study plan,"al Design, 3 Cr (2,3) This course introduces the two main branches of digital electronics: Combinational and sequential. Topics included in this course are: Fundamental elements of digital circuits, various techniques used for analyzing digital logic circuits, such as truth tables, Boolean algebra, Karnaugh maps, and timing diagrams. In addition to key digital technologies, such as conventional TTL (transistor-transistor logic) and CMOS (complementary metal-oxide-semiconductor), field programmable gate array (FPGA) and some standard digital subsystems such as microprocessors.",en,Electrical Engineering,Electrical_StudyPlan 1.txt,source
study_0110,study_plan,Electrical Engineering study plan,"oxide-semiconductor), field programmable gate array (FPGA) and some standard digital subsystems such as microprocessors. Prerequisites: 40303130 00103240: Electronic Circuits and Devices, 4 Cr (3,3) This course introduces students to the use of electronics manufacturers’ data to analyze the performance of circuits and devices, the operational characteristics of amplifier circuits, the types and effects of feedback on circuits performance, and the operation and application of oscillators. Students will also be introduced to the application of testing procedures to electronic devices and circuits, and the use of the findings of the tests to evaluate their operation.",en,Electrical Engineering,Electrical_StudyPlan 1.txt,source
study_0111,study_plan,Electrical Engineering study plan,"ing procedures to electronic devices and circuits, and the use of the findings of the tests to evaluate their operation. Among the topics included in this course are: Power amplifiers (classes A, B, and AB), operational amplifiers (inverting, non-inverting, differential, summing, integrator, differentiator), feedback types, such as open, closed, positive, and negative feedback, in addition to frequency response, stability, frequency drift, distortion, amplitude, wave shapes, and testing procedures. Prerequisites: 00103230 00103250: Instrumentation and Control Systems , 4 Cr (3,3) This course discusses the main components of measuring systems including various types of sensing elements (such as: displacement, speed, pressure, temperature and strain), variable conditioning and signal processing techniques, in addition to signal representation methods.",en,Electrical Engineering,Electrical_StudyPlan 1.txt,source
study_0112,study_plan,Electrical Engineering study plan,"ature and strain), variable conditioning and signal processing techniques, in addition to signal representation methods. The course also introduces the concepts and terminology of control systems, such as: open and closed loop, discrete and analogue systems. It focuses on process controllers as a main part of control systems. Proportional-Integral-Differential (PID) controllers are investigated in details according to their mathematical models. Multiple practical experiments and simulation exercises are conducted throughout the course demonstrating conventional instrumentation circuits. Prerequisites: 00103230 28 00103213: Further Mathematics, 4 Cr (3,3) This course introduces additional mathematical topics to students, advancing their knowledge of the underpinning mathematics gained in the Engineering Mathematics course.",en,Electrical Engineering,Electrical_StudyPlan 1.txt,source
study_0113,study_plan,Electrical Engineering study plan,"ics to students, advancing their knowledge of the underpinning mathematics gained in the Engineering Mathematics course. The purpose of this course is to prepare the students to analyze and model engineering problems using mathematical techniques. Among the topics included in this course are: Number theory, complex numbers, matrix theory, linear equations, numerical integration and graphical representation of curves within an engineering context. Furthermore, this course expands students’ knowledge of calculus to discover how to model and solve engineering problems using first and second order differential equations. Prerequisites: 00103110 00103383: Programmable Logic Controllers, 4 Cr (3,3) This course introduces automation system definition as a method designed to reduce labor costs and improve the quality, accuracy and precision of the finished products.",en,Electrical Engineering,Electrical_StudyPlan 1.txt,source
study_0114,study_plan,Electrical Engineering study plan,"ion as a method designed to reduce labor costs and improve the quality, accuracy and precision of the finished products. Also, to be familiar with the sight of dancing robots, not only in the production of cars but in everything from washing machines to pharmaceuticals. In addition to benefit from a reduction in costs and improvement in quality. The aim of this course is to investigate how Programmable Logic Controllers (PLCs) and industrial robots can be programmed to successfully implement automated engineering solutions. This course covers PLC system operational characteristics, different types of programming languages, and types of robots and cell safety features. Moreover, it includes programming PLCs and robotic manipulators to achieve a set task, with straightforward commands and safety factors.",en,Electrical Engineering,Electrical_StudyPlan 1.txt,source
study_0115,study_plan,Electrical Engineering study plan,"ludes programming PLCs and robotic manipulators to achieve a set task, with straightforward commands and safety factors. Prerequisites: 00103282, 00103250 00102321: Professional Engineering Management, 4 Cr (3,3) This course aims to continue building-up the knowledge gained by Managing a Professional Engineering Project course, to provide the students with common professional standards and guide them on how to develop a range of employability skills. Among the topics included in this course are: engineering strategy and services delivery planning, the role of sustainability, Total Quality Management (TQM), engineering management tools, managing people and becoming a professional engineer.",en,Electrical Engineering,Electrical_StudyPlan 1.txt,source
study_0116,study_plan,Electrical Engineering study plan,"ity, Total Quality Management (TQM), engineering management tools, managing people and becoming a professional engineer. Prerequisites: 00102220 00103331: Industrial Power, Electronics and Storage , 4 Cr (3,3) This course reviews the main issues related to energy demand and production, efficiency measures and policies, and interfacing methodologies used to connect renewable energy sources to the grid. It reviews the historical perspective of energy production and demand, their environmental effects and the necessity of renewable, or sustainable, energy sources. Energy auditing and management skills are delivered through this course, discussed through examples of energy efficiency in buildings and electric vehicles. Renewable energy sources are then investigated in detail, concentrating on their theoretical models, control circuits, 29 and grid interfacing techniques.",en,Electrical Engineering,Electrical_StudyPlan 1.txt,source
study_0117,study_plan,Electrical Engineering study plan,"investigated in detail, concentrating on their theoretical models, control circuits, 29 and grid interfacing techniques. The impact of connecting renewable energy sources to the grid is also discussed, introducing the principle of smart grid. Prerequisites: 00103240 00103351: Industrial Systems, 4 Cr (3,3) This course introduces the basics of industrial automation and discrete control systems. It summarizes the main concepts of discrete and analog, open and closed-loop control systems. Moreover, it describes each part of conventional automated industrial systems, starting from input and output devices, interfacing elements, and discrete controllers.",en,Electrical Engineering,Electrical_StudyPlan 1.txt,source
study_0118,study_plan,Electrical Engineering study plan,"al automated industrial systems, starting from input and output devices, interfacing elements, and discrete controllers. The course also covers the creation of logic functions describing the operation of automated industrial systems, representing them using ladder diagrams, and implementing them through relay sequencers, programmable logic controllers (PLC), or modern industrial controllers such as CNC modules. Modern industrial trends are also presented in this course, such as the Internet-of- Things (IoT) and novel manufacturing technologies contributing to the fourth industrial revolution.",en,Electrical Engineering,Electrical_StudyPlan 1.txt,source
study_0119,study_plan,Electrical Engineering study plan,"as the Internet-of- Things (IoT) and novel manufacturing technologies contributing to the fourth industrial revolution. Prerequisites: 00103250, 00103282 00103232: Further Electrical, Electronic and Digital Principles, 4 Cr (3,3) This course focuses on using appropriate mathematical techniques to solve a range of electrical and electronic problems by applying appropriate circuit theorems and computer simulation tools. Topics include steady state circuit analysis techniques such as mesh and nodal analysis, using complex notation and phasor diagrams to analyze single and three-phase AC circuits. Terminology related to power calculations such as instantaneous power, power factor, real and reactive power are summarized based on the power triangle representation. The course also briefs the characteristics of non-linear circuits including diodes and transistors.",en,Electrical Engineering,Electrical_StudyPlan 1.txt,source
study_0120,study_plan,Electrical Engineering study plan,"ngle representation. The course also briefs the characteristics of non-linear circuits including diodes and transistors. Prerequisites: 00103230, 00103213 00103352: Further Control Systems, 4 Cr (3,3) This course introduces the main concepts of control systems and their theoretical modelling based on realistic physical applications. It focuses on modelling electrical and mechanical systems using differential equations and Laplace transform, forming and simplifying their corresponding block diagrams and analyzing their response in terms of dynamic characteristics and stability. The course also investigates the implementation and tuning of PID controllers by detailed mathematical analysis and computer simulations.",en,Electrical Engineering,Electrical_StudyPlan 1.txt,source
study_0121,study_plan,Electrical Engineering study plan,"nvestigates the implementation and tuning of PID controllers by detailed mathematical analysis and computer simulations. Prerequisites: 00103250, 00103213 00103490: Research Project for Electrical Engineers, 4 Cr (2,6) This eight-month course introduces the skills necessary to deliver a complex, independently conducted, research project that fits within an electrical engineering context. Topics included in this course are: Finding a research problem, writing a research proposal, selecting a problem-solving approach, conducting literature review, analyzing data and interpreting findings, managing a research project and identifying key milestones, in addition to reporting, presenting, and publishing research outcomes. Prerequisites: Passed 90 CHs 30 00103568: Engineering Electromagnetics, 3 Cr (3,0) This course introduces the main theory of electromagnetism and its applications.",en,Electrical Engineering,Electrical_StudyPlan 1.txt,source
study_0122,study_plan,Electrical Engineering study plan,"ngineering Electromagnetics, 3 Cr (3,0) This course introduces the main theory of electromagnetism and its applications. It summarizes the theory of vector calculus required to solve mathematical problems related to electromagnetic fields. It then presents the derivation and the physical significance of Maxwell’s equations based on electrostatics and magnetostatics. Topics include Coulomb’s law, Gauss’s Law, electric fields in materials, Biot-Savart’s Law, Ampere’s Circuit Law, magnetic fields, vectors, forces and materials. Electromagnetic waves propagation is also briefly discussed. Prerequisites: 00103230, 00103213 00103367: Telecommunication Principles, 4 Cr (3,3) This course introduces the main concepts in communication systems that deal with the transmission of information such as voice, images and data using three elements: transmitter, medium and receiver.",en,Electrical Engineering,Electrical_StudyPlan 1.txt,source
study_0123,study_plan,Electrical Engineering study plan,"h the transmission of information such as voice, images and data using three elements: transmitter, medium and receiver. In addition to the applications of telecommunications are all around us including mobile phones, satellite TV, computer networks, Bluetooth and Wi-Fi. This course involves with the fundamental principles of wireless communication systems including frequency spectrum, sources of noise and interference, theories and practices of analogue and digital communication . This course further covers the physical practicalities of telecommunication systems such as guided and unguided transmission media, security and network architectures. Prerequisites: 00103282, 00103110 00103333: Electrical Machines, 3 Cr (2,3) This course provides the theoretical background of standard electrical machines.",en,Electrical Engineering,Electrical_StudyPlan 1.txt,source
study_0124,study_plan,Electrical Engineering study plan,"103333: Electrical Machines, 3 Cr (2,3) This course provides the theoretical background of standard electrical machines. It presents the main principles of electro-magnetism, reluctance circuits and transformers operation. It provides detailed analysis of common alternating-current machines such as single-phase and three-phase motors. Different types of machines such as induction and synchronous types are compared in terms of operation, speed- torque characteristics and applications. Prerequisites: 00103232 00103534: Power Systems, 3 Cr (2,3) This course represents the core of electrical engineering theory related to power generation, transmission and distribution networks. It introduces the basics of electrical power system analysis that deals with transmission lines, power networks, power flow and faults.",en,Electrical Engineering,Electrical_StudyPlan 1.txt,source
study_0125,study_plan,Electrical Engineering study plan,"he basics of electrical power system analysis that deals with transmission lines, power networks, power flow and faults. Topics include basic concepts necessary for power system analysis such as: Complex power and the power triangle, direction of power flow, power in balanced three-phase systems, per-unit quantities and the single line diagram. The course covers in detail the series impedance model of transmission lines, the capacitance of transmission lines, current-voltage relations in transmission lines and an introduction to power-flow solutions. Prerequisites: 00103232 31 00103535: Power System Quality, Reliability and Protection, 3 Cr (3,0) This course provides a more detailed study of electrical power systems.",en,Electrical Engineering,Electrical_StudyPlan 1.txt,source
study_0126,study_plan,Electrical Engineering study plan,"Quality, Reliability and Protection, 3 Cr (3,0) This course provides a more detailed study of electrical power systems. It includes topics covering symmetrical and unsymmetrical faults, such as: Transients in RL series circuits, fault calculations, single line-to-ground faults, line-to-line and double line-to-ground faults. It also introduces the concept of power system stability, the swing and the power-angle equations, and the qual-area criterion of stability. Protection devices and their sizing calculations, in addition to economic operation and reliability of power systems are also briefly discussed in this course. Prerequisites: 00103534 00102541: Photovoltaic Systems, 3 Cr (2,3) This course covers an in-depth analysis of solar photovoltaic systems and technologies, and focuses on the practical design considerations.",en,Electrical Engineering,Electrical_StudyPlan 1.txt,source
study_0127,study_plan,Electrical Engineering study plan,"an in-depth analysis of solar photovoltaic systems and technologies, and focuses on the practical design considerations. Topics covered include: Solar radiation characteristics, solar insolation over collecting surfaces and shading analysis, categories of photovoltaic systems, specification and selection of solar PV modules, types and characteristics of grid-connected inverters, fixed and tracking mounting structures, design of grid-connected PV systems using software tools, energy yield calculations, economic feasibility, testing and commissioning, operation and maintenance, off-grid PV systems, hybrid PV-systems, and storage technologies.",en,Electrical Engineering,Electrical_StudyPlan 1.txt,source
study_0128,study_plan,Electrical Engineering study plan,"testing and commissioning, operation and maintenance, off-grid PV systems, hybrid PV-systems, and storage technologies. Prerequisites: 00103232 00103546: Advanced Electronics, 4 Cr (3,3) This course provides a detailed investigation of the p-n junction, its characteristics and working principle, as it is considered the building concept of many conventional electronic devices like bipolar- junction (BJT) and field-effect (FET) transistors. It summarizes the theory behind the operation of field- effect transistors and metal-oxide-semiconductor field-effect transistors as discrete devices. It introduces the main principles of CMOS logic gates as the building blocks of digital logic circuits. The course also concentrates on the analysis and the design of different types of analog circuits.",en,Electrical Engineering,Electrical_StudyPlan 1.txt,source
study_0129,study_plan,Electrical Engineering study plan,"gital logic circuits. The course also concentrates on the analysis and the design of different types of analog circuits. It also briefs the mathematical techniques used to determine the frequency response, gain and stability of analog electronic systems for the real-life applications. Moreover, it concentrates on the analysis of digital electronic circuits and their applications and delivers the ability of mathematically modelling conventional digital electronic circuits, such as: NMOS Inverters and logic circuits, CMOS inverters and logic circuits, clocked CMOS logic circuits, sequential logic circuits, memories like RAM and ROM cells. In addition to emitter- coupled logic circuits, transistor-transistor logic, Schottky transistor-transistor logic, BiCMOS digital circuits . Prerequisites: 00103240 00103566: Speech and Image Processing, 3 Cr (2,3).",en,Electrical Engineering,Electrical_StudyPlan 1.txt,source
study_0130,study_plan,Electrical Engineering study plan,"r-transistor logic, BiCMOS digital circuits . Prerequisites: 00103240 00103566: Speech and Image Processing, 3 Cr (2,3). This course introduces various analytical techniques for signals and systems. Topics included in this course are Signal representation including Fourier transform, system definitions and properties, in addition to the use of convolution, transfer functions, and frequency response to determine the system response. Moreover, it covers developing robust feature extraction techniques for speech analysis, speaker recognition, and image processing with signal enhancement and features Extraction. Prerequisites: 00103375, 00103213 32 00103553: Industry 4.0, 1 Cr (0,3). The course provides a principle understanding of why and how smart factories are changing the face of manufacturing.",en,Electrical Engineering,Electrical_StudyPlan 1.txt,source
study_0131,study_plan,Electrical Engineering study plan,"3). The course provides a principle understanding of why and how smart factories are changing the face of manufacturing. Students are first introduced to the factors and consequences behind industrial revolutions and the definition of smart factories followed by the wide range of technologies that make smart factories work. The course will explore the integration of cyber-physical systems (CPSS) with the Internet of Things (IoT) and how high-performance computing and the internet are combined with the development of advanced manufacturing technologies. The course is designed for a lab-based lectures that works with the following technologies: Automated and Intelligent Production Systems, CPSS; IoT; Wireless Communication Protocols; Data Analytics; and Cloud Computing.",en,Electrical Engineering,Electrical_StudyPlan 1.txt,source
study_0132,study_plan,Electrical Engineering study plan,"ed and Intelligent Production Systems, CPSS; IoT; Wireless Communication Protocols; Data Analytics; and Cloud Computing. Through lectures and lab work, students will learn how to design and implement Industry 4.0 solutions in various industries. By the end of the course, students will have a strong foundation in Industry 4.0 concepts and technologies, enabling them to apply Industry 4.0 principles in real-world settings and contribute to the ongoing transformation of various industries. Prerequisites: 00103351, 00103367 00102523: Health, Safety, and Environment, 1 Cr (1,0) The course aims to qualify the student for international certification in health and safety and environmental awareness at work.",en,Electrical Engineering,Electrical_StudyPlan 1.txt,source
study_0133,study_plan,Electrical Engineering study plan,"se aims to qualify the student for international certification in health and safety and environmental awareness at work. Topics covered include: Fundamentals of health and safety, the responsibility for health and safety, risk assessment and control, work equipment, transport safety, working with electricity, fire safety, manual handling, repetitive activity, hazardous substances, practical risk assessment planning activity, environmental awareness, pollution impact assessment, dealing with emergencies. Prerequisites: 00102321 00103595: Capstone Project for Electrical Engineers, 1 Cr (0,3) An applied research project required from each student to implement the knowledge gained from the research project course. The students will practice proper project documentation, results presentation and defending their project outcomes in front of a specialized committee.",en,Electrical Engineering,Electrical_StudyPlan 1.txt,source
study_0134,study_plan,Electrical Engineering study plan,"er project documentation, results presentation and defending their project outcomes in front of a specialized committee. Prerequisites: 00103490 00103596: Capstone Project for Electrical Engineers, 2 Cr (0,6) An applied research project required from each student to implement the knowledge gained from the capstone project course. The students will practice proper project documentation, results presentation and defending their project outcomes in front of a specialized committee. Prerequisites: 00103595 00103536: Advanced Electrical Machines, 3 Cr (3,0) This course builds on the electrical machines course by discussing advanced topics in conventional motors (induction and synchronous AC machines). It also describes the theory behind special electrical machines and their applications, such as brushless DC, stepper and servo motors.",en,Electrical Engineering,Electrical_StudyPlan 1.txt,source
study_0135,study_plan,Electrical Engineering study plan,"es the theory behind special electrical machines and their applications, such as brushless DC, stepper and servo motors. Prerequisites: 00103333 33 00103537: Special Topics in Power Systems, 3 Cr (3,0) This course provides a focused review of certain chosen topics in power systems engineering. Topics are chosen to keep the students up-to-date with the current technologies and advancements in electrical power systems engineering. Prerequisites: 00103534 00103538: Electrical Drive Systems, 3 Cr (3,0) This course introduces the concept of drive systems for controlling the speed and the torque of electrical motors. It summarizes different types of electrical drive systems, a detailed review of their control circuits and their corresponding applications. Prerequisites: 00103333, 00103341 00103554: Mobile Robotics, 3 Cr (2,3).",en,Electrical Engineering,Electrical_StudyPlan 1.txt,source
study_0136,study_plan,Electrical Engineering study plan,"circuits and their corresponding applications. Prerequisites: 00103333, 00103341 00103554: Mobile Robotics, 3 Cr (2,3). This course provides the students with comprehensive material for designing and building simple Unmanned Aerial Vehicles (UAV) and Unmanned Ground Vehicles (UGV) prototypes. The course covers the fundamentals of mobile robots, including their locomotion, perception, and control. The course integrates theory, simulation, and practical work into four focused modules: System modeling; Sensors and actuators; Control systems; and Unmanned vehicles. The course will include an introduction to robot navigation and autonomous systems. By the end of the course, students will have a strong foundation in mobile robotics, enabling them to build and program mobile robotic solutions in real-world settings. Prerequisites: 00103250 00103555: Industrial Robotics, 3 Cr (2,3).",en,Electrical Engineering,Electrical_StudyPlan 1.txt,source
study_0137,study_plan,Electrical Engineering study plan,"gram mobile robotic solutions in real-world settings. Prerequisites: 00103250 00103555: Industrial Robotics, 3 Cr (2,3). The aim of this course is for students to investigate the range, operations, and benefits of industrial robots within manufacturing applications. The course covers the fundamentals of robot systems, including their kinematics, dynamics, and control. Among the topics included are industrial robot selection, programming and safety protocols that anticipate future developments in industrial robot technology. Students will learn the different robot structures with emphasis on six-degree of freedom manipulators. Students will understand the electrical, mechanical, hydraulic and pneumatic operation of common industrial robots. Students will learn how to program an industrial robot for automated process applications and will understand the communication protocols.",en,Electrical Engineering,Electrical_StudyPlan 1.txt,source
study_0138,study_plan,Electrical Engineering study plan,"n how to program an industrial robot for automated process applications and will understand the communication protocols. Through lectures, lab experiments, and hands-on projects, students will learn how to design and program industrial robots for various applications. By the end of the course, students will have a strong foundation in industrial robots and automation systems, enabling them to develop and implement robotic solutions in real-world settings. Prerequisites: 00103250 34 00102544: Green Buildings, 3 Cr (2,3) This course introduces sustainability concepts in new and existing buildings and prepares the student for international certification in green buildings.",en,Electrical Engineering,Electrical_StudyPlan 1.txt,source
study_0139,study_plan,Electrical Engineering study plan,"lity concepts in new and existing buildings and prepares the student for international certification in green buildings. Topics covered include: Green buildings rating systems, LEED concepts and categories, site sustainability strategies, water efficiency and wastewater technologies, energy performance, building simulation, renewable energy in buildings, fundamental and enhanced commissioning, sustainable building materials, indoor air quality, lighting and thermal comfort, innovative design case studies. Prerequisites: 00102111 00103543: Nano-Electronics and Information Technology, 3 Cr (3,0) This course presents the current status of the state-of-the-art Silicon industry and its evolution, starting from the well-established micro-fabrication techniques to the proposed novel nano-fabrication trends.",en,Electrical Engineering,Electrical_StudyPlan 1.txt,source
study_0140,study_plan,Electrical Engineering study plan,"volution, starting from the well-established micro-fabrication techniques to the proposed novel nano-fabrication trends. It focuses on the MOSFET as the main building component of the integrated circuits and the motivation behind the emergence of nanotechnology. It also presents some revolutionary applications of the novel nano-electronic devices in various areas, such as: memory and storage devices, displays, data transmission and communications and imaging systems. Prerequisites: 00103260, 00103542 00103544: Optical Electronics and Applications, 3 Cr (3,0) This course summarizes the physics of semiconductor laser diodes and their applications in various fields such as illumination, communications, biomedical and industrial applications. It also reviews the recent trends in integrating electrical and optical devices into single electronic chips, or electro-optical integrated circuits.",en,Electrical Engineering,Electrical_StudyPlan 1.txt,source
study_0141,study_plan,Electrical Engineering study plan,"ends in integrating electrical and optical devices into single electronic chips, or electro-optical integrated circuits. Prerequisites: 00103362, 00103341 00103545: Special Topics in Clinical Engineering, 3 Cr (3,0) This course reviews the biomedical engineering technologies and managerial skills used in healthcare applications. It focuses on the design and application of electronic medical devices, in addition to healthcare environment design and development. Topics include lifecycle management, patient-safety regulations, risk assessment and management, interoperability and cybersecurity. Prerequisites: 00103341 00103564: Network Science, 3 Cr (2,3) This course provides students with an introduction to modern networked technologies, such as wireless, social, and economic networks.",en,Electrical Engineering,Electrical_StudyPlan 1.txt,source
study_0142,study_plan,Electrical Engineering study plan,"rovides students with an introduction to modern networked technologies, such as wireless, social, and economic networks. Topics included in this course are: Analysis of networked technologies using analytical and engineering techniques, such as optimization, game/auction theory, graph analysis, and learning as applied to networked technologies; introduction to the basics of these techniques and their applications in networked systems; development of a network science for solving practical problems pertaining to various networked systems, such as smartphones, Wiki, Facebook, economic networks, or online video streaming software. Prerequisites: 00103563 35 00103565: Special Topics in Communications, 3 Cr (3,0) This course provides a focused review of certain chosen topics in communications engineering.",en,Electrical Engineering,Electrical_StudyPlan 1.txt,source
study_0143,study_plan,Electrical Engineering study plan,"Communications, 3 Cr (3,0) This course provides a focused review of certain chosen topics in communications engineering. Topics are chosen to keep the students up-to-date with the current communication technologies and advancements. Prerequisites: 00103362 00103574: Algorithms and Optimization, 3 Cr (2,3). This course is designed to provide Electrical Engineering students with the knowledge and skills necessary to develop and analyze algorithms for solving complex problems in their field. This will involve mathematical formulation, algorithm development, and programming. The course covers the fundamentals of algorithms and optimization, including their applications in signal processing, communication networks, control systems, and machine learning. Unconstrained and constrained optimization techniques, such as Simplex and gradient-based algorithms will be covered.",en,Electrical Engineering,Electrical_StudyPlan 1.txt,source
study_0144,study_plan,Electrical Engineering study plan,"g. Unconstrained and constrained optimization techniques, such as Simplex and gradient-based algorithms will be covered. Prerequisites: 00103375, 00103213 00103571: Data Analytics, 3 Cr (3,0) This course introduces the theoretical foundation of data analytics and a range of data analytic processes and techniques to provide hands-on experience for enhancing students’ skills. Topics included in this course are: Data analytic terminologies; types of data analytics; data exploration and visualization; understanding data with descriptive, predictive and prescriptive analytics.",en,Electrical Engineering,Electrical_StudyPlan 1.txt,source
study_0145,study_plan,Electrical Engineering study plan,"alytics; data exploration and visualization; understanding data with descriptive, predictive and prescriptive analytics. Prerequisites: 00103213 00103572: Artificial Intelligence and Engineering Applications, 3 Cr (3,0) This course covers the following topics: Problem solving methods; problem spaces; search techniques; knowledge representation; programming languages for AI; games; predicate logic; knowledge-based systems; planning techniques; reactive systems; artificial neural networks; natural language understanding; computer vision; and robotics.",en,Electrical Engineering,Electrical_StudyPlan 1.txt,source
study_0146,study_plan,Electrical Engineering study plan,"techniques; reactive systems; artificial neural networks; natural language understanding; computer vision; and robotics. Prerequisites: 00103570, 00103571 00103573: Machine Learning, 3 Cr (3,0) This course covers the following topics: Algorithms and principles involved in machine learning; fundamentals of representing uncertainty, learning from data, supervised learning, ensemble methods, unsupervised learning, structured models, learning theory and reinforcement learning; design and analysis of machine perception systems; design and implementation of a technical project applied to real datasets. Prerequisites: 00103570, 00103571 00103581: Embedded Systems, 3 Cr (2,3) This course concentrates on real-time programming of embedded systems. It develops the basic understanding of embedded systems structure and terminology.",en,Electrical Engineering,Electrical_StudyPlan 1.txt,source
study_0147,study_plan,Electrical Engineering study plan,"time programming of embedded systems. It develops the basic understanding of embedded systems structure and terminology. It also delivers the knowledge required for 36 embedded systems programming. Topics include micro-controller structure, I/O systems, real-time programming and debugging. Prerequisites: 00103341 00103522: Electrical Installations for Buildings, 3 Cr (3,0) The purpose of this course is to provide the students with the basics of buildings’ electrical systems design and installations to facilitate the penetration of engineering consultancy / contracting fields career.",en,Electrical Engineering,Electrical_StudyPlan 1.txt,source
study_0148,study_plan,Electrical Engineering study plan,"l systems design and installations to facilitate the penetration of engineering consultancy / contracting fields career. It covers various topics related to Lighting system design, Distribution of socket outlets, Circuit breakers, Circuits protection, Wiring and final branch circuit panelboard schedules, Cables Sizing, Emergency power supply, Lighting control systems, Load Estimate, Life Safety Requirements, and electrical network distribution levels and development of single line diagrams. The course content is based on relevant international standards such as IET, IEC, and ISO. Prerequisites: 00103232 00102552: Electric and Hybrid Vehicles, 3 Cr (2,3) This course introduces the fundamentals, principles and design of hybrid and electric vehicles.",en,Electrical Engineering,Electrical_StudyPlan 1.txt,source
study_0149,study_plan,Electrical Engineering study plan,"rid Vehicles, 3 Cr (2,3) This course introduces the fundamentals, principles and design of hybrid and electric vehicles. Among the topics covered are: components and operation of hybrid and electric vehicles, sizing the drive system, energy storage devices and challenges, battery and charging technologies, energy management systems, vehicle dynamics and transmission, performance analysis. Prerequisites: 00103333 00102551: Smart Grids, 3 Cr (2,3) This course provides an in-depth introduction to the aspects and consideration governing the evolution of conventional electrical networks into smart grids. Topics covered include: anatomy of smart grids, smart grid infrastructure, smart grid operation, communication, cyber security, IEC 61850, power system protection applications, demand side management applications, energy storage applications, integration of electric vehicles.",en,Electrical Engineering,Electrical_StudyPlan 1.txt,source
study_0150,study_plan,Electrical Engineering study plan,"ection applications, demand side management applications, energy storage applications, integration of electric vehicles. Prerequisites: 00103331 00101535: Mechatronics, 3 Cr (2,3) This course introduces a general overview of mechatronic systems in terms of user requirements, concept design, detailed design and component selection, as well as the additional issues of troubleshooting, maintenance and documentation. Specific components that are studied include: sensors/transducers, actuators and motors, controllers (physical controllers such as PLC and microcontrollers; control algorithms such as on/off controllers and PID controllers), as well as the plant that is to be controlled, especially mechanical plants.",en,Electrical Engineering,Electrical_StudyPlan 1.txt,source
study_0151,study_plan,Electrical Engineering study plan,"as on/off controllers and PID controllers), as well as the plant that is to be controlled, especially mechanical plants. Prerequisites: 00103230 37 00103497: Practical Training for Electrical Engineering (PATH), 6 Cr (0,40) The practical training program is the bridge between academic study and industry. It is designed to transform the apprentice from a student to an employee. The main objective is to improve graduate readiness for full-time employment upon graduation. It is an 8-month work placement opportunity for a student where they apply the technical knowledge obtained during study and develop their workplace skills to match high international standards. The program is designed to allow updated monitoring of the apprentice progress and development.",en,Electrical Engineering,Electrical_StudyPlan 1.txt,source
study_0152,study_plan,Electrical Engineering study plan,"international standards. The program is designed to allow updated monitoring of the apprentice progress and development. Prerequisites: Department Approval, 40302231, Passed 100 CHs 00103498: Practical Training for Electrical Engineering (PATH) Continuation, 12 Cr (0,40) The practical training continuation program is the bridge between academic study and industry. It is designed to transform the apprentice from a student to an employee. The main objective is to improve graduate readiness for full-time employment upon graduation. It is an 8-month work placement opportunity for a student where they apply the technical knowledge obtained during study and develop their workplace skills to match high international standards. The program is designed to allow updated monitoring of the apprentice progress and development. Prerequisites: 00103497 Version Feb 2023",en,Electrical Engineering,Electrical_StudyPlan 1.txt,source
study_0153,study_plan,Energy Engineering study plan,"1 School of Engineering Technology Energy Engineering Department Bachelor ’s Degree in Energy Engineering Study Plan 2022 2 Program Objectives 1. Provide world -class, flexible, STEM -based education which combines in -depth technical knowledge with professional, leadership, and entrepreneurial skills. 2. Build advanced practical and technical skills to enable the student to conceive, design, build, and test complex engineering systems. 3. Provide the student with a hands -on understanding of the evolving ma rket needs through a tailored and intensive industry -based apprenticeship scheme. 4. Create opportunities to enhance the student’s character, soft skills, and adaptation abilities within different multidisciplinary teams and changing professional environments . 5. Emphasize the need for engaging in life -long and independent learning and professional development. 6.",en,Energy Engineering,Energy_StudyPlan 1.txt,source
study_0154,study_plan,Energy Engineering study plan,"nvironments . 5. Emphasize the need for engaging in life -long and independent learning and professional development. 6. Equip the student with the up -to-date and relevant preparation for employment in a variety of technical and engineering fields, or for initiating an innovative entrepreneurial venture or a technology startup. 7. Enable the student to progress in graduate studies in relevant technical or engineering fields. Learning Outcomes Upon graduation, the graduate of the Energy Engineering Program sho uld be able to: 1. Apply knowledge of science, mathematics, technology, and engineering fundamentals to energy engineering applications. 2. Design and conduct experiments, as well as analyze and present results in a professional manner. 3. Design, model, analyze a nd build practical energy systems to meet specific requirements and realistic constraints. 4.",en,Energy Engineering,Energy_StudyPlan 1.txt,source
study_0155,study_plan,Energy Engineering study plan,". Design, model, analyze a nd build practical energy systems to meet specific requirements and realistic constraints. 4. Use the techniques, skills, and modern engineering and computing tools necessary for engineering practice. 5. Identify, formulate, and solve engineering problems. 6. Commu nicate effectively, and function in multidisciplinary teams. 7. Understand professional and ethical issues and the responsibilities of the engineering practice. 8. Recognize contemporary issues and environmental, cultural, and economical consideration of the engineering profession. 9. Appreciate the need for professional development and engage in life -long learning. 10. Engage in entrepreneurial activity and understand the value of technology innovation. 11. Understand the requirements and constraint s of the professional employment environment.",en,Energy Engineering,Energy_StudyPlan 1.txt,source
study_0156,study_plan,Energy Engineering study plan,"e of technology innovation. 11. Understand the requirements and constraint s of the professional employment environment. 3 Assessment of Learning Outcomes Assessment model requires the students to engage with a variety of assessment tools that are accessible, appropriately challenging, and support the development of student self -efficacy and self -confidence. To ensure that assignments are valid and reliable, a robust quality assurance system that measures and monitor the effectiveness of their implementation is adopted. This includes ensuring that all students engage in assessmen t positively and honestly. Assessment also provides a learning opportunity for all stakeholders of the assessment to have access to feedback that is both individual to each student and holistic to the cohort. Feedback to students should be supportive and c onstructive.",en,Energy Engineering,Energy_StudyPlan 1.txt,source
study_0157,study_plan,Energy Engineering study plan,"both individual to each student and holistic to the cohort. Feedback to students should be supportive and c onstructive. Student self -efficacy (and therefore self -confidence) can be significantly enhanced where feedback not only focuses on areas for improvement, but recognizes the strengths a student has. At the cohort level, similar trends could be identified t hat could inform future approaches to assessments and teaching. 4 Framework for bachelor’s Degree Classification Credit Hours Compulsory Elective Total University Requirements 24 3 27 School Requirements 35 0 35 Program Requirements 77 9 86 Professional Apprenticeship Training 18 0 18 Total 154 12 166 5 1. University Requirements: (27 credit hours) 1.1.",en,Energy Engineering,Energy_StudyPlan 1.txt,source
study_0158,study_plan,Energy Engineering study plan,9 86 Professional Apprenticeship Training 18 0 18 Total 154 12 166 5 1. University Requirements: (27 credit hours) 1.1. Compulsory: (24 credit hours) Course ID Course Title Credit Hours Contact Hours Prerequisite Lecture Practical 30301121 Pre-Intermediate English Intensive + Lab 4 3 6 30301120 Pre-Foundation English Elementary Intensive 303011 22 English Intermediate 3 6 0 30301121 303011 23 English Upper -Intermediate 3 6 0 30301122 303011 24 English Advanced 3 6 0 3030112 3 40302111 Professional Skills 1 2 0 - 40302 112 Professional Practice 3 4 0 40302111 40302231 Entrepreneurship Boot camp 4 2 6 30301123 &40302211 30302232 Leadership Camp* 1 3 0 30302231 & 40302231 30302129 Military Science 1 1 0 - 30301111 Arabic Language and communication skills 1 1 0 Arabic Placement test score ≥60 or 30301110 Total 24 1.2.,en,Energy Engineering,Energy_StudyPlan 1.txt,source
study_0159,study_plan,Energy Engineering study plan,1 0 - 30301111 Arabic Language and communication skills 1 1 0 Arabic Placement test score ≥60 or 30301110 Total 24 1.2. Elective: 3 Credit Hours ( Three courses out of the following) Course ID Course Title Credit Hours Contact Hours Prerequisite Lecture Practical 30301130 Foundational French Language 1 3 0 - 30301131 French language Level 1 1 3 0 30301130 30301132 French Language Level 2 1 3 0 30301131 30301133 French Language Level 3 1 3 0 30301132 30301140 Foundational German Language 1 3 0 - 30301141 German Language level 1 1 3 0 30301140 30301160 Foundational Turkish Language 1 3 0 - 30301170 Foundational Italian Language 1 3 0 - 3030117 1 Italian language 1 3 0 - 303011 80 Chinese 1 1 3 0 - 30301221 Development Academic Writing 1 3 0 30301124 30301222 Research and Technical Writing 1 3 0 30301124 30302121 Science & Society Seminar I: Arab Contributions to Science and Arts 1 3 0 - 3,en,Energy Engineering,Energy_StudyPlan 1.txt,source
study_0160,study_plan,Energy Engineering study plan,"Technical Writing 1 3 0 30301124 30302121 Science & Society Seminar I: Arab Contributions to Science and Arts 1 3 0 - 30302122 Science & Society Seminar II: Philosophy of Science 1 3 0 - 6 30302123 Art Appreciation and Techniques 1 3 0 - 30302124 Civil & Professional Culture 1 3 0 - 30302125 Rights and Responsibilities: Understanding Human Rights 1 3 0 30302126 Introduction to culture Anthropology -Focus on Urban Anthropology 1 3 0 30302127 Jerusalem, History and Civilization 1 3 0 3030212 8 Jordan: History and Civilization 1 3 0 30302133 Principles of Management 1 3 0 30302134 Strategies for Industry Competitiveness: Tools & Techniques 1 3 0 30302135 Principles of Accounting 1 3 0 30302136 Principles of Economics 1 3 0 30302237 Free choice Elective 1 3 0 40302233 Business Analytics 1 3 0 40302221 Speech and Debate 1 3 0 30301223 Introduction to Translation 1 3 0 30301124 Total 3 2.",en,Energy Engineering,Energy_StudyPlan 1.txt,source
study_0161,study_plan,Energy Engineering study plan,Business Analytics 1 3 0 40302221 Speech and Debate 1 3 0 30301223 Introduction to Translation 1 3 0 30301124 Total 3 2. School Requirements: ( 35 credit hours) Course ID Course Title Credit Hours Contact Hours Type Prerequisite Lecture Practical 30303111 Functional Math 3 3 0 HTU 3030110 30303112 Functional Physics 3 3 0 HTU - 40303130 Fundamentals of Computing 4 6 0 HTU - 00101100 Introduction to Engineering Drawing 1 0 3 HTU - 00103101 STEM Lab I 1 0 3 HTU - 00102102 STEM Lab II 1 0 3 HTU 00103101 00101103 Workshop I 2 0 6 HTU - 00101104 Workshop II 1 0 3 HTU 00101103 00103110 Engineering Math 4 3 3 HNC 30303111 00102111 Engineering Science 4 3 3 HNC 30303112 00101112 Engineering Design 4 3 3 HNC 00101100 00102220 Managing a Professional Engineering Project 4 3 3 HNC 00101112 00103375 Intro duction to AI and Data Science s 3 2 3 HTU 40303130 & 00103110 Total 35 7 3.,en,Energy Engineering,Energy_StudyPlan 1.txt,source
study_0162,study_plan,Energy Engineering study plan,g Project 4 3 3 HNC 00101112 00103375 Intro duction to AI and Data Science s 3 2 3 HTU 40303130 & 00103110 Total 35 7 3. Progra m Requirements ( 89 credit hours) 3.1. Compulsory : (77 credit hours) Course ID Course Title Credit Hours Contact Hours Type Prerequisite Lecture Practical 00102205 Advanced Workshop for Energy Engineers 1 0 3 HTU 00101104 00101240 Fundamentals of Thermodynamics and Heat Engines 4 3 3 HNC 00102111 00101241 Fluid Mechanics 4 3 3 HNC 00102111 00103230 Electrical and Electronic Principles 4 3 3 HNC 00102111 00103240 Electronic Circuits and Devices 4 3 3 HNC 00103230 00101442 Heat and Mass Transfer 3 2 3 HTU 00101240 00103250 Instrumentation and Control Systems 4 3 3 HNC 00103230 00103213 Further Mathematics 4 3 3 HND 00103110 00102321 Professional Engineering Management 4 3 3 HND 00102220 00101366 Lean Manufacturing 4 3 3 HND 00101112 00101343 Further Thermodynamic,en,Energy Engineering,Energy_StudyPlan 1.txt,source
study_0163,study_plan,Energy Engineering study plan,"Engineering Management 4 3 3 HND 00102220 00101366 Lean Manufacturing 4 3 3 HND 00101112 00101343 Further Thermodynamics 4 3 3 HND 00101240 00103331 Industrial Power, Electronics and Storage 4 3 3 HND 00103240 00103232 Further Electrical, Electronic and Digital Principles 4 3 3 HND 00103230 , 00103213 00102490 Research Project for Energy Engineers 4 4 0 HND Department Approval 00102330 Energy Resources and Conversion 3 3 0 HTU 00101240 00102340 Renewable Energy Systems and Technologies 3 2 3 HTU 00102111 00103534 Power Systems 3 3 0 HTU 00103232 00102532 Energy Efficiency and Management 3 2 3 HTU 00102330 00101345 Heating, Ventilation and Air Conditioning (HVAC) 3 2 3 HTU 00101240 00102531 Energy Economics, Policy, and Regulations 3 3 0 HTU 00102330 00102541 Photovoltaic Systems 3 2 3 HTU 00103232 & 00102340 00102523 Health, safety, and Environment 1 1 0 HTU 00102321 00102 594 Capstone",en,Energy Engineering,Energy_StudyPlan 1.txt,source
study_0164,study_plan,Energy Engineering study plan,"ic Systems 3 2 3 HTU 00103232 & 00102340 00102523 Health, safety, and Environment 1 1 0 HTU 00102321 00102 594 Capstone Project for Energy Engineers 1 0 3 HTU 00102490 00102 595 Capstone Project for Energy Engineers continuation 2 0 6 HTU 00102 594 Total 77 8 3.2. Electives : (9 credit hours) (Three courses out of the following) A minimum of 12 credit hours of engineering coursework are required. This list is considered open for modifications on the base of the decision of the school council before registration.",en,Energy Engineering,Energy_StudyPlan 1.txt,source
study_0165,study_plan,Energy Engineering study plan,"d. This list is considered open for modifications on the base of the decision of the school council before registration. Course ID Course Title Credit Hours Contact Hours Type Prerequisite Lecture Practical 00102522 Maintenance Engineering 3 3 0 HTU 00102321 00102542 Solar Thermal Systems 3 2 3 HTU 00101242 00102543 Wind Energy 3 2 3 HTU 00103333 00102544 Green Buildings 3 2 3 HTU 00102111 00102545 Sustainability 3 3 0 HTU 00102340 00102550 Energy Storage 3 2 3 HTU 00103331 00102551 Smart Grids 3 2 3 HTU 00103331 , 00103534 00102552 Electric and Hybrid Vehicles 3 2 3 HTU 00103333 00102553 Energy Simulation in buildings 3 2 3 HTU 00101545 00102593 Special Topics in Energy Engineering 3 3 0 HTU Department Approval 00103333 Electrical Machines 3 2 3 HTU 00103232 Total 9 4.",en,Energy Engineering,Energy_StudyPlan 1.txt,source
study_0166,study_plan,Energy Engineering study plan,"al Topics in Energy Engineering 3 3 0 HTU Department Approval 00103333 Electrical Machines 3 2 3 HTU 00103232 Total 9 4. Professional Apprentice Requirements (18 credit hours) (8 months) Course ID Course Title Credit Hours Contact Hours Type Prerequisite Lecture Practical 0010249 6 Practical Training for Energy Engineers (PATH) 6 0 10 HTU 30302231 & 30301123 0010249 7 Practical Training for Energy Engineers (PATH) continuation 12 0 30 HTU 0010249 6 Total 18 9 University Compulsory Course Descriptions 30301120 : Pre -Foundation English Elementary Intensive + Lab. 4 Cr (6,3) This foundation course deals with all language skills: speaking, listening, reading, writing, grammar review, and vocabulary building.",en,Energy Engineering,Energy_StudyPlan 1.txt,source
study_0167,study_plan,Energy Engineering study plan,"n course deals with all language skills: speaking, listening, reading, writing, grammar review, and vocabulary building. The overall objective of the course is to ensure that students will be able to understand straightforward information in the s poken and written language and to express themselves in speech and in writing for simple practical purposes in everyday situations requiring a simple and direct exchange of information. By the end of the course, students will reach an A2 level on the Glob al Scale of English (GSE). Students will be evaluated on their ability to understand sentences and frequently used expressions related to areas of most immediate relevance. Students will be able to describe in simple terms aspects of their background, imme diate environment, and matters in areas of immediate need.",en,Energy Engineering,Energy_StudyPlan 1.txt,source
study_0168,study_plan,Energy Engineering study plan,"to describe in simple terms aspects of their background, imme diate environment, and matters in areas of immediate need. This course also includes a scheduled lab time, dedicated to practice and/or other work assigned by the instructor to enhance students’ communication skills [including assigned homework/in -class practice], writing or speaking workshops, and projects. Prerequisites: Placement test score: Pearson 0 -35, VTEST A1, A2.1, A2.2 (0 -34) TOEFL IBT: 0 -31, IELTS: 0 -4.0, TOEFL ITP: 0 -399 30301121 : Pre-Intermediate English Intensive + Lab 4 Cr (6,3) This foundation course deals with all language skills: speaking, listening, reading, writing, grammar review, and vocabulary development.",en,Energy Engineering,Energy_StudyPlan 1.txt,source
study_0169,study_plan,Energy Engineering study plan,"ourse deals with all language skills: speaking, listening, reading, writing, grammar review, and vocabulary development. The overall objective of the course is to ensure that students could understand and express in speech and writing: information, ideas, feelings, opinions, and common functions about situations relating to English skills. By the end of the course, students will reach a B1 level on the Global Scale of English ( GSE). Students will be evaluated on their ability to understand the main points of clear standard input on familiar matters regularly B encountered in the typical work -related environment/setting, specifically in relation to technical -English related commu nication skills.",en,Energy Engineering,Energy_StudyPlan 1.txt,source
study_0170,study_plan,Energy Engineering study plan,"typical work -related environment/setting, specifically in relation to technical -English related commu nication skills. In addition, students are required to be able to deal with most situations likely to arise while at the work -place or in the field where English is spoken; in addition to the type of setting they would need to communicate to other stakehol ders (customer/ client, supervisor, sponsor/funding entity/ supplier and so on). Students will be able to produce simple connected text on topics which are familiar in their field of study, and in relation to basic communication skills needed. Finally, stu dents will be able to describe experiences and work -related skills, their opinion, plans, and other practical, relevant communication skills.",en,Energy Engineering,Energy_StudyPlan 1.txt,source
study_0171,study_plan,Energy Engineering study plan,"describe experiences and work -related skills, their opinion, plans, and other practical, relevant communication skills. This course also includes a scheduled lab time, dedicated to practice and/or other work assigned by the instructo r to enhance students’ communication skills [including assigned homework/in -class practice], writing or speaking workshops, and projects pertaining. Prerequisites: Placement test score: Pearson 36 -46, VTEST B1.1 (35 -45) TOEFL IBT: 32 -42 (Minimum score of 6 in each of the four sections) IELTS: 4.5 (Minimum score of 4.0 in each of the four sections) TOEFL ITP: 400 -442 or 30301120 10 3030112 2: English Intermediate 3 Cr (6,0) This course is meant to follow on from 30301121; it is for students who have completed level 2 and now require an intermediate course in Technical English, and it is benchmarked against CEFR level B1+.",en,Energy Engineering,Energy_StudyPlan 1.txt,source
study_0172,study_plan,Energy Engineering study plan,"leted level 2 and now require an intermediate course in Technical English, and it is benchmarked against CEFR level B1+. This course targets students in technical or vocationa l education who want to develop their careers and technical skills, as it aims to prepare them for the successful and effective use of English in their studies and occupations. The course adopts a practical task -based approach, consisting of work -specific communicative functions, technology -specific notions or concepts, grammar, vocabulary, and skills. The syllabus is designed to reflect current and future developments in technology, whereby everything is selected based on high frequency of use and relevanc y of needs across a range of technical contexts, including technical training and work contexts.",en,Energy Engineering,Energy_StudyPlan 1.txt,source
study_0173,study_plan,Energy Engineering study plan,"ncy of use and relevanc y of needs across a range of technical contexts, including technical training and work contexts. Prerequisites : Placement test score: Pearson 47 -58, VTEST B1.2 (46 -55), TOEFL IBT: 43 -52 (Minimum score of 10 in each of the four sections), IELTS: 5.0 (Minimum score of 4.5 in each of the four sections), TOEFL ITP: 443 - 476, or 30301121 3030112 3: English Upper -Intermediate 3 Cr (6,0) This course is for students in technical or vocational education, and for company employees in training at work. It covers the core language and skills that students need to communicate successfully in all technical and industrial specializations. It is fo r students who have an intermediate level of general English and now require an upper intermediate course in English for specific purposes. This is benchmarked against CEF level B2.",en,Energy Engineering,Energy_StudyPlan 1.txt,source
study_0174,study_plan,Energy Engineering study plan,"and now require an upper intermediate course in English for specific purposes. This is benchmarked against CEF level B2. The course uses a multi -thread syllabus consisting mainly of communicativ e functions, notions, grammar, vocabulary, and skills. The work -specific communicative functions (e.g., giving instructions, making recommendations') and technology -specific notions or concepts (e.g., causation, resistance) are selected on the basis of rel evance to the needs of students in technical training and work contexts. Grammatical exponents of functions and notions are selected based on frequency and relevance to needs. In this level, the syllabus organization is increasingly driven by topics, skill s and genre or text type, within which appropriate grammar, vocabulary, functions, and notions are introduced or recycled.",en,Energy Engineering,Energy_StudyPlan 1.txt,source
study_0175,study_plan,Energy Engineering study plan,"and genre or text type, within which appropriate grammar, vocabulary, functions, and notions are introduced or recycled. The vocabulary of the course is a selection of common core lexical items that have a high frequency of use across a range of technica l and industrial contexts. Many of these items can be found in general contexts but have a greater frequency and often a more specific meaning in technical contexts. Many of them are the kind of words which a specialist in one field might use to explain te chnical concepts and specialized terms to the public, or to specialists in other fields.",en,Energy Engineering,Energy_StudyPlan 1.txt,source
study_0176,study_plan,Energy Engineering study plan,"e field might use to explain te chnical concepts and specialized terms to the public, or to specialists in other fields. Prerequisites: Placement test score: Pearson 59 -68, VTEST: B2.1 (56 -68), TOEFL IBT: 53 -78 (Minimum score of 14 in each of the four sections) , IELTS: 5.5 -6.0 (Minimum score of 5.0 in each of the four sections) , TOEFL ITP: 477-547 or 30301122 3030112 4: English Advanced 3 Cr (6,0) This course is meant to follow 30301123. This course deals with all language skills: speaking, listening, reading, writing, grammar review, and vocabulary building. The overall objective of the course is to ensure that students 11 can understand and respond a ppropriately in the spoken and written form to a wide range of demanding, longer texts and recognize implicit meaning. By the end of the course, students will reach a C1 level on the Global Scale of English (GSE).",en,Energy Engineering,Energy_StudyPlan 1.txt,source
study_0177,study_plan,Energy Engineering study plan,"cognize implicit meaning. By the end of the course, students will reach a C1 level on the Global Scale of English (GSE). Students will be evaluated on their abili ty to express themselves fluently and spontaneously without much obvious searching for expressions. In addition, students are required to be able to use language flexibly and effectively for social, academic, and professional purposes. Students will be abl e to produce clear, well -structured, detailed text on complex subjects, showing controlled use of organizational patterns, connectors, and cohesive devices. (Exempted if Placement test score: Pearson ≥ 81, VTEST ≥ C1 (≥81), TOEFL IBT: ≥ 102 (Minimum score of 22 in each of the four sections), IELTS: ≥ 7.5 (Minimum score of 6.5 in each of the four sections), TOEFL ITP: ≥ 608).",en,Energy Engineering,Energy_StudyPlan 1.txt,source
study_0178,study_plan,Energy Engineering study plan,"f 22 in each of the four sections), IELTS: ≥ 7.5 (Minimum score of 6.5 in each of the four sections), TOEFL ITP: ≥ 608). Placement test score: Pearson 69 -80, VTEST B2.2 (69 -80) IELTS: 6.5 -7.0 (Minimum score of 6.0 in each of the four sections) , TOEFL ITP: 548 -607, or 30301123 , 40302111 : Professional skills 1 Cr (3,0) This course introduces students to the basic personal and interdependent competencies necessary to have a successful career and lead a fulfilling life. The course focuses on developing students’ self -awareness, self - esteem, and confidence, as they relate to goal development, values, interests, and skills. The course gives special attention to interpersonal and communication skills including listening, speaking, and writing.",en,Energy Engineering,Energy_StudyPlan 1.txt,source
study_0179,study_plan,Energy Engineering study plan,"The course gives special attention to interpersonal and communication skills including listening, speaking, and writing. In addition, the course introduces students to effective time management and organization skills, the dynamics of working within a team, and how attitude affects interpersonal relationships. The course serves as a prerequisite for a later course titled Soft Skills II that focuses on professional practice and career readiness. Prerequisites: - 40302112 : Professional Practice 3 Cr (3,0) This course aims to cover the general aspects of employability skills and to provide students with the tools and resources needed to make informed career decisions. The course put special emphasis on skills that can be transferable among a variety of professions and careers and are considered essential in any employment setting.",en,Energy Engineering,Energy_StudyPlan 1.txt,source
study_0180,study_plan,Energy Engineering study plan,"t can be transferable among a variety of professions and careers and are considered essential in any employment setting. Students will learn to assess and iden tify the skills required to increase their chances of finding a job and perform better in the workplace. The course covers personal and interpersonal skills, written communication, teamwork, and leadership development. The course introduces students to cri tical thinking and problem -solving techniques in addition to personal and professional development planning . Prerequisites: 40302111 &30301122 30302129: Military Science 1 Cr (3,0) The Military Science course is one of many components of the National Strategy for Higher Education in Jordan and is thus an extension of the Ministry of Education’s philosophy for Higher Education.",en,Energy Engineering,Energy_StudyPlan 1.txt,source
study_0181,study_plan,Energy Engineering study plan,"for Higher Education in Jordan and is thus an extension of the Ministry of Education’s philosophy for Higher Education. The course 12 covers the concept of a comprehensive national security strategy, both its traditional and social definitions, with the aim of consolidating the values of loyalty and belonging to the nation, which includes the land and its people, the system of governance, and the national security systems and milita ry institutions; the course thus prepares students to fulfil their roles in society as self -aware and responsible citizens who hold the power to advance positive change and maintain a safe and stable nation.",en,Energy Engineering,Energy_StudyPlan 1.txt,source
study_0182,study_plan,Energy Engineering study plan,"elf -aware and responsible citizens who hold the power to advance positive change and maintain a safe and stable nation. Furthermore, the course aims to enrich students’ knowledge about the history of the Hashemite Kingdom of Jordan and its development, and to provide essential information about the Jordanian armed forces and security systems, highlighting their crucial role in protecting our nation’s greater interests, a nd in serving and supporting the development of the local, Arab, and global communities. Moreover, the course aims to increase students’ awareness of the concept of national security through a comprehensive study of critical issues, including psychological warfare and the dangers of drugs and terrorism.",en,Energy Engineering,Energy_StudyPlan 1.txt,source
study_0183,study_plan,Energy Engineering study plan,"hrough a comprehensive study of critical issues, including psychological warfare and the dangers of drugs and terrorism. Ultimately, the course aims to highlight the benefits of holding on to our treasured Jordanian values of loyalty, belonging, citizenship, and the importance of utilizing our national resources. Prerequisites: - 40302231: Entrepreneurship Bootcamp 4 Cr (4,0) HTU’s Accelerated Innovation and Entrepreneurship Bootcamp is an experiential learning journey that all HTU students undergo as part of their degree program at HTU. Students are formed into high -performing teams with the mission to develop a desirable, feasible and viable solution that targets a specific customer segment with an attractive market size, while addressing one or more of the UN’s Sustainable Development Goals (SDG’s).",en,Energy Engineering,Energy_StudyPlan 1.txt,source
study_0184,study_plan,Energy Engineering study plan,"segment with an attractive market size, while addressing one or more of the UN’s Sustainable Development Goals (SDG’s). Studen ts leverage human -centered design and lean startup methodology to develop their prototypes and iterate on their solutions, while building an investable business case delivered through a final mission report and rocket pitch. The Bootcamp equips students wi th the necessary business acumen than enhances their entrepreneurial and intrapreneurial mindset, skillset, and toolset while providing a transformative opportunity to upgrade their modes of being, thinking and doing, and to challenge what is possible for themselves and the world around them. Prerequisites: 40302112 & 30301123 30302232 : Leadership Camp 1 Cr (0,3) A fundamental principle in teaching leadership is engaging students in experiential learning so they can mature into their leadership capacity.",en,Energy Engineering,Energy_StudyPlan 1.txt,source
study_0185,study_plan,Energy Engineering study plan,"in teaching leadership is engaging students in experiential learning so they can mature into their leadership capacity. This course provides students with the diagnostic tools and strategic foundation for leading in organizations, communities, and society. Students will practice a set of tools and behaviors that will allow them to improve their self -efficacy and develop their leadership skills. The course provides a safe and supportive environment where students will learn from actual experience and apply the concepts in real life settings and situations. The emphasis will be on experiential learning and the application of leadership concepts.",en,Energy Engineering,Energy_StudyPlan 1.txt,source
study_0186,study_plan,Energy Engineering study plan,"life settings and situations. The emphasis will be on experiential learning and the application of leadership concepts. Prerequisites: 30302231 or 40302231 30301110 : Remedial Arabic 3 Cr (3,0) The course aims to improve the student's abilities in reading and comprehending texts' primary, secondary, and missing ideas and how to extract them; recognizing words' equivalent meanings in texts; differentiating opinion from fact; recognizing similariti es contained therein; comparing texts read with texts that are similar to them; and reasoning on the writer's attitude toward a topic by determining the implicit meanings contained.",en,Energy Engineering,Energy_StudyPlan 1.txt,source
study_0187,study_plan,Energy Engineering study plan,"e similar to them; and reasoning on the writer's attitude toward a topic by determining the implicit meanings contained. The course also aims to teach students the fundamentals of writing in Arab ic, so that they can write a paragraph and a summary in a sound Arabic language that is free of spelling and linguistic errors, 13 expressing their thoughts and feelings while adhering to the correct language rules, using the correct conjunctions, punctuation marks, and Arabic styles, and developing speaking skills about their family and community while adhering to the correct language rules respecting his teacher and fellow students, responding to their queries with a declaration of his views and supporting i t with facts.",en,Energy Engineering,Energy_StudyPlan 1.txt,source
study_0188,study_plan,Energy Engineering study plan,"teacher and fellow students, responding to their queries with a declaration of his views and supporting i t with facts. The course also aims to improve the student's listening abilities so that he can comprehend the speaker's main idea and supporting ideas, recognize the connections between them, and classify the ideas he heard with the ability to remember the right ones and be able to recognize strengths and weaknesses in the speaker's text. Prerequisites : Arabic Placement test 0 -59 303011 11: Arabic Languge & Communication Skills 1 Cr ( 1,0) In this level, students should understand the main ideas of complex texts on both concrete and abstract topics. Further, they should understand a wide range of demanding, long texts, and recognize implicit meanings.",en,Energy Engineering,Energy_StudyPlan 1.txt,source
study_0190,study_plan,Energy Engineering study plan,"ll serve the aforementioned skills and goals. Finally, compiled authentic teaching materials will be used in this level. Prerequisites: Arabic Placement test score ≥60 or 30301110 University Elective Course Descriptions 30301130 : Foundational French 1 Cr (3,0) By the end of this course, the student will be able to communicate in French using basic greetings, asking directions, writing short simple notes and emails, understanding simple question on familiar topics, and introducing him/herself to others. By the end of the course, the student will have attained a high -A1 level on the CEFR scale. Prerequisites: None 30301131 : French Language Level 1 1 Cr (3,0) 14 By the end of this course, the student will be able to use a wide variety of verb tenses and lexical items in Italian.",en,Energy Engineering,Energy_StudyPlan 1.txt,source
study_0191,study_plan,Energy Engineering study plan,"4 By the end of this course, the student will be able to use a wide variety of verb tenses and lexical items in Italian. The student will be able to understand simple questions in questionnaires on familiar topics, recognize phrases and content words related to basic personal and family information, make, and accept a simple apology, and write simple sentences about personal skills. By the end of the course, the student will have attained a low -A2 level on t he CEFR scale. Prerequisites: 30301130 30301232 : French Language Level 2 1 Cr (3,0) By the end of this course, students can understand the main points of clear standard speech on familiar subjects in work, school, leisure activities, etc. Students will be able to conduct conversations in most situations when travelling in a region where t he language is spoken.",en,Energy Engineering,Energy_StudyPlan 1.txt,source
study_0192,study_plan,Energy Engineering study plan,"ents will be able to conduct conversations in most situations when travelling in a region where t he language is spoken. They will be able to produce a simple and cohesive text on familiar subjects or subjects of personal interest. Students will be able to narrate an event, an experience or a dream, describe a desire or goal, and outline reasons or exp lanations behind a project or idea. Prerequisites: 30301131 30301233 : French Language Level 3 1 Cr (3,0) By the end of this course, students will be able to understand the main ideas of concrete or abstract topics, including technical articles in the user’s area of expertise. They will be able to communicate with a degree of spontaneity and fluency during a c onversation with a native speaker.",en,Energy Engineering,Energy_StudyPlan 1.txt,source
study_0193,study_plan,Energy Engineering study plan,"They will be able to communicate with a degree of spontaneity and fluency during a c onversation with a native speaker. Students will be able to speak in a clear, detailed way on a number of subjects and express an opinion on current affairs, giving the advantages and disadvantages of the various options. Prerequisites: 30301232 3030 1140: Foundational German Language 1 Cr (3,0) By the end of this course, the student will be able to communicate in German basic greetings, asking directions, writing short simple notes and emails, understanding simple question on familiar topics, a nd introducing him/herself to others. By the end of the course, the student will have attained a high -A1 level on the CEFR scale.",en,Energy Engineering,Energy_StudyPlan 1.txt,source
study_0194,study_plan,Energy Engineering study plan,"cing him/herself to others. By the end of the course, the student will have attained a high -A1 level on the CEFR scale. Prerequisites: None 30301141 : German Language level 1 1 Cr (3,0) By the end of this course, the student will be able to use a wide variety of verb tenses and lexical items in German. The student will be able to understand simple questions in questionnaires on familiar topics, recognize phrases and content words related to basic personal and family information, make, and accept a 15 simple apology, and write simple sentences about personal skills.",en,Energy Engineering,Energy_StudyPlan 1.txt,source
study_0195,study_plan,Energy Engineering study plan,"personal and family information, make, and accept a 15 simple apology, and write simple sentences about personal skills. By the end of the course, the student will have attained a mid -A2 level on the CEFR scale 30301150 : Foundational Spanish 1 Cr (3,0) By the end of this course, the student will be able to communicate in Spanish using basic greetings, asking directions, writing short simple notes and emails, understanding simple question on familiar topics, and introducing him/herself to others. By the end of the course, the student will have attained a high -A1 level on the CEFR scale. Prerequisites: None 30301160: Foundational Turkish 1 Cr (3,0) By the end of this course, the student will be able to communicate in Turkish basic greetings, asking directions, writing short simple notes and emails, understanding simple question on familiar topics, and introducing him/herself to others.",en,Energy Engineering,Energy_StudyPlan 1.txt,source
study_0196,study_plan,Energy Engineering study plan,"short simple notes and emails, understanding simple question on familiar topics, and introducing him/herself to others. By the end of the course, the student will have attained a high -A1 level on the CEFR scale. Prerequisites: None 30301170: Foundational Italian 1 Cr (3,0) By the end of this course, the student will be able to communicate in Italian using basic greetings, asking directions, writing short simple notes and emails, understanding simple question on familiar topics, and introducing him/herself to others. By the end of the course, the student will have attained a high -A1 level on the CEFR scale. Prerequisites: None 303011 71: Italian Language Level 1 1 Cr (3,0) By the end of this course, the student will be able to use a wide variety of verb tenses and lexical items in Italian.",en,Energy Engineering,Energy_StudyPlan 1.txt,source
study_0197,study_plan,Energy Engineering study plan,") By the end of this course, the student will be able to use a wide variety of verb tenses and lexical items in Italian. The student will be able to understand simple questions in questionnaires on familiar topics, recognize phrases and content words related to basic personal and family information, make, and accept a simple apology, and write simple sentences about personal skills. By the end of the course, the student will have attained a low -A2 level on the CEFR scale. Prerequisites : 30301170 303011 80: Chinese 1 1 Cr (3,0) This course introduces students to the standard Chinese language and is designed for students with no or minimal previous background in spoken or written Chinese. Students in this course focus on learning essential vocabulary, practicing pronunciation, and understanding simple grammatical structures.",en,Energy Engineering,Energy_StudyPlan 1.txt,source
study_0198,study_plan,Energy Engineering study plan,"ourse focus on learning essential vocabulary, practicing pronunciation, and understanding simple grammatical structures. This 16 knowledge prepares students to effectively communicate in Chinese on a limited range of topics related to everyday situations. Students practice listening and speaking in real -life situations, learn to rea d and write Chinese characters, and examine how culture and language interact in China. In -class activities and course assignments aim to assist students as they develop the oral proficiency and confidence necessary to initiate simple conversations. Out -of-classroom experiences such as field trips and guided interactions with native speakers supplement formal classroom instruction and provide ample opportunities for practical engagement.",en,Energy Engineering,Energy_StudyPlan 1.txt,source
study_0199,study_plan,Energy Engineering study plan,"s with native speakers supplement formal classroom instruction and provide ample opportunities for practical engagement. Prerequisites: None 30301221 : Development Academic Writing 1 Cr (3,0) This course develops students’ abilities in academic writing. Focus will be given to sentence structure, paragraph writing, revision, punctuation, parallelism, and cohesion. Students, in conjunction with the instructor, will decide on a topic for the culminating paper, which will be developed throughout the semester. Students will have weekly writing assignments to develop the writing features being discussed. This course is meant for students who have passed or tested out o f Advanced English in the Intensive English program.",en,Energy Engineering,Energy_StudyPlan 1.txt,source
study_0200,study_plan,Energy Engineering study plan,". This course is meant for students who have passed or tested out o f Advanced English in the Intensive English program. Prerequisites: 30301124 or by permission of the department 30301222 : Research and Technical Writing 1 Cr (3,0) This course follows 30301220, or any student who has exempted out of English courses. Research and Technical Writing develops students’ abilities in writing persuasive and explanatory texts in several formats: emails, reports, theses, among others. Focus will be given to establishing a clear thesis statement, developing a cohesi ve argument throughout the text, and creating a compelling summary. Various rhetorical devices will be discussed, such as alliteration, anaphora, hedging, hyperbole, litotes, metaphor, simile, etc.",en,Energy Engineering,Energy_StudyPlan 1.txt,source
study_0201,study_plan,Energy Engineering study plan,"hetorical devices will be discussed, such as alliteration, anaphora, hedging, hyperbole, litotes, metaphor, simile, etc. Students, in conjunction with the instructor, will decid e on a topic for the culminating paper, which will be developed throughout the semester. Students will learn proper citation of quoted material according to APA or MLA standards. Students will have weekly writing assignments using various expository devi ces, such as descriptive essays, process essays, comparison essays, cause and effect essays, and problem and solution essays. Prerequisites: 30301124 or by permission of the department 30302123: Art Appreciation and Techniques 1 Cr (3,0) This course affords students a basic understanding of the main elements of art. It covers context and subject and analyzes the main arguments around aesthetics.",en,Energy Engineering,Energy_StudyPlan 1.txt,source
study_0202,study_plan,Energy Engineering study plan,"erstanding of the main elements of art. It covers context and subject and analyzes the main arguments around aesthetics. The course also presents an overview of art history as it relates to other historical, sociocultural , and political aspects. The course aims to prepare students to be critically observant and to assess different symbolic values within artwork. The course is intended to raise students’ awareness of the role of the arts and culture in their everyday lives regardless of students’ areas of concentration and to promote an appreciation for, and interest in, the arts. Prerequisites: - 30302124: Civil and Professional Culture 1 Cr (3,0) 17 This course aims to consolidate and enhance students’ knowledge of their native Jordan, the efforts of the Hashemite Kings in serving the Arab nation, its causes, and the establishment and development of the Jordanian state.",en,Energy Engineering,Energy_StudyPlan 1.txt,source
study_0203,study_plan,Energy Engineering study plan,"he Hashemite Kings in serving the Arab nation, its causes, and the establishment and development of the Jordanian state. It introduces students to the d evelopment of Jordanian political and constitutional life as well as to the emergence and development of Jordanian civil society. This course focuses on building students’ professionalism and defining the concepts of professional work and ethics. Students will learn about legislation related to professional work as well as trade union institutions, professionalism, and labor. Prerequisites: - 30302125: Rights and Responsibilities: Understanding Human Rights 1 Cr (3,0) This course aims to introduce students to the basic concept of human rights. Students will be expected to understand and internalize human rights values including tolerance; gender equality; and freedom from discrimination based on race, color, and ethnicity.",en,Energy Engineering,Energy_StudyPlan 1.txt,source
study_0204,study_plan,Energy Engineering study plan,"rights values including tolerance; gender equality; and freedom from discrimination based on race, color, and ethnicity. The course aims to contribute to the full development of students’ personalities by increasing their sense of dignity and appreciation for the rights of others. Students will also cultivate a sense of responsibility to promote and defend others’ rights. Students will deve lop their advocacy skills by identifying key human rights issues in their local context and proposing courses of action to advance human rights. Prerequisites: - 30302126: Introduction to Cultural Anthropology – Focus on Urban Anthropology 1 Cr (3,0) An introductory course in cultural anthropology with a focus on urban anthropology is an important course for students in various areas of study, since it offers them a formation in cross -cultural perspectives, whether on a local or global level.",en,Energy Engineering,Energy_StudyPlan 1.txt,source
study_0205,study_plan,Energy Engineering study plan,"us areas of study, since it offers them a formation in cross -cultural perspectives, whether on a local or global level. It is also increasingly important for students of the built environment and the local communities they work with. Through looking at different anthropological case studies, from Jordan, the region and globally, the course will consider suc h issues as the meaning of culture from an anthropological perspective and how it affects society; cultural diversity and sociocultural communication; the relationship of people to the land, their environment and their experiences of space and place; urban anthropology from a theoretical and historical context; changing city structures and “temporary” dwellings such as local refugee camps; ethics in social research and methods in ethnographic fieldwork; and qualitative data gathering, amongst other areas.",en,Energy Engineering,Energy_StudyPlan 1.txt,source
study_0206,study_plan,Energy Engineering study plan,"s; ethics in social research and methods in ethnographic fieldwork; and qualitative data gathering, amongst other areas. Prerequisites: - 30302127: Jerusalem, History and Civilization 1 Cr (3,0) This course focuses on introducing Jerusalem in terms of geography and history across the ages, and its religious and cultural importance since the Arab Islamic conquest in the period of the Rightly Guided Caliphs era and through the successive Islamic periods. Moreover, the course sheds light on the Ottoman period, 18 and the political, civilizational and administrative realities during that period, as well as treating the genesis of the movement of Jewish migration and settlement in the latter part of the Ottoman period.",en,Energy Engineering,Energy_StudyPlan 1.txt,source
study_0207,study_plan,Energy Engineering study plan,"ell as treating the genesis of the movement of Jewish migration and settlement in the latter part of the Ottoman period. The course focuses on the practices of the British Mandate and its contribution to the attempts to Judaize the city, culminating with the Israeli occupation of western Jerusalem in 1948, and subsequently the Israeli occupation of East Jerusalem in 1967. Furthermore, light is shed on Israeli pra ctices targeting the Arab identity of Jerusalem in terms of the demographic composition and holy places, and Islamic and Christian endowments. The course explains the Jordanian Hashemite efforts and its role in defending Jerusalem and safeguarding its Arab character.",en,Energy Engineering,Energy_StudyPlan 1.txt,source
study_0208,study_plan,Energy Engineering study plan,"course explains the Jordanian Hashemite efforts and its role in defending Jerusalem and safeguarding its Arab character. Prerequisites: - 30302128: Jordan: History and Civilization 1 Cr (3,0) Jordan: History and Civilization course is concerned with introducing Jordan's history, sheds light on Jordan's geography, topography, climate, and natural resources, and is interested in studying Jordan's prehistoric history and ancient historical times. To examine Jordan's position and role in successive Islamic times.",en,Energy Engineering,Energy_StudyPlan 1.txt,source
study_0209,study_plan,Energy Engineering study plan,"n's prehistoric history and ancient historical times. To examine Jordan's position and role in successive Islamic times. The course also highlights Jordan's administrative, economic, and social conditions durin g the Ottoman period 1516 -1918, and is interested in studying Jordan's circumstances and conditions during the first world war of 1914 -1918, the establishment of the Emirate of Eastern Jordan in 1921, and the most prominent political, economic, and social developments occurred in Jordan during the emirate in 1921 -1946. It explained the importance of the achievements took place in Jordan during the reign of the Hashemite kings Talal bin Abdullah and Hussein bin Talal from 1951 to 1999.",en,Energy Engineering,Energy_StudyPlan 1.txt,source
study_0210,study_plan,Energy Engineering study plan,"took place in Jordan during the reign of the Hashemite kings Talal bin Abdullah and Hussein bin Talal from 1951 to 1999. To study the origins a nd development of Jordanian constitutional authorities (executive, legislative and judicial), and Jordanian educational, economic, social, military and security institutions. Introducing Jordan's role in the Palestinian cause, the Jordanian - Palestinian uni ty phase 1950 -1988, and Jordan's sacrifices in the Arab Israeli wars and their consequences and effects on it. It examined King Abdullah II's efforts in building and modernizing the Hashemite Kingdom of Jordan from 1999 to 2021. Assess the Jordanian state' s march in its centenary, and a future look. Prerequisites: - 30302133 : Principles of Management 1 Cr (3,0) This course introduces students to the management process of a business organization.",en,Energy Engineering,Energy_StudyPlan 1.txt,source
study_0211,study_plan,Energy Engineering study plan,"rinciples of Management 1 Cr (3,0) This course introduces students to the management process of a business organization. The course emphasizes basic concepts and functions of management by examining the processes of planning, organizing, leading, and controlling. Students will develop the skills and tools required to work with people and resources to achieve organizational goals. Students will also develop their st rategic management and decision -making capacities. Prerequisites: - 30302135 : Principles of Accounting 1 Cr (3,0) This course provides students with the basic accounting principles, concepts, and terminology. Students will become familiar with the basic financial statement analysis. Students will be able to understand and apply the basic elements of financial accounting information such as assets, liabilities, revenue, and expenses.",en,Energy Engineering,Energy_StudyPlan 1.txt,source
study_0212,study_plan,Energy Engineering study plan,"and and apply the basic elements of financial accounting information such as assets, liabilities, revenue, and expenses. Students will be able to understand and interpret income statement, balance sheet, and cash flow statement Prerequisites: - 19 30302136: Principles of Economics 1 Cr (3,0) This course covers the basic concepts of both microeconomics and macroeconomics. The first part of the course looks at resource allocation under scarcity, supply and demand analysis, and the theory behind consumer behavior. The course further examines production decisions taken by firms under different types of market structure such as perfect competition, oligopoly, and monopoly.",en,Energy Engineering,Energy_StudyPlan 1.txt,source
study_0213,study_plan,Energy Engineering study plan,"decisions taken by firms under different types of market structure such as perfect competition, oligopoly, and monopoly. The second part o f the course examines the wider economic phenomena and introduces the basic principles of the aggregate economy, such as determinates of national product, inflation, unemployment, and fiscal and monetary policy. Prerequisites: - 30302237: Free Choice Elective 1 Cr (3,0) The free choice elective is designed to offer students the opportunity to explore a subject of interest under the supervision of a faculty member. The course may include coursework offered by online platforms (i.e. HTUx, Coursera), directed readings, applied projects, independent research projects, or other appropriate activities.",en,Energy Engineering,Energy_StudyPlan 1.txt,source
study_0214,study_plan,Energy Engineering study plan,"e. HTUx, Coursera), directed readings, applied projects, independent research projects, or other appropriate activities. Prerequisites: - 40302233: Business Analytics 1 Cr (3,0) The Business Analytics course provides students with the tools they need to put data to work; how to set up experiments, how to collect data, how to learn from data and make decisions to how to navigate the organizational, legal, and ethical issues involved in data -based decision making. The course teaches widely used frameworks of bu siness analytics: biases, experimentation, descriptive analytics, prescriptive analytics, predictive analytics. Students then implement the frameworks they have learned through assignments . The course includes case studies and examples from Google, Netflix , and others .",en,Energy Engineering,Energy_StudyPlan 1.txt,source
study_0215,study_plan,Energy Engineering study plan,"hey have learned through assignments . The course includes case studies and examples from Google, Netflix , and others . The assignments and cases focus on interpreting the results of analysis and taking decisions based on those analysis. The course does not require coding. Prerequisites: - 40302221: Speech and Debate 1 Cr (3,0) The Speech and Debate course aims to provide students with linguistic and basic debate skills in Arabic. This course aims to improve the student's level of Arabic grammar as well as his vocabulary, linguistic structures, and linguistic style so that he can address political, so cial, and ethical issues through scientific debates and discourses presented in the classroom, by familiarizing him with unique and authentic models of ancient and modern discourses so that he can understand them. And walk according to the structure of his own speech.",en,Energy Engineering,Energy_StudyPlan 1.txt,source
study_0216,study_plan,Energy Engineering study plan,"of ancient and modern discourses so that he can understand them. And walk according to the structure of his own speech. The course is also designed to teach students research skills, independent and collaborative learning, logical argumentation, problem -solving skills through critical and creative thinking, organizing ideas, presentation skills, and confidence. The course contains theoretical sections that describe debate, public speaking, and other historical and contemporary speech forms. Examples include debating forms, speaker roles and arguments, developing team positions, interventions, and response speech es based on active learning techniques focused on discussion, working groups, and communication. 20 Prerequisites :None 30302133: Principles of Management 1 Cr (3,0) This course introduces students to the management process of a business organization.",en,Energy Engineering,Energy_StudyPlan 1.txt,source
study_0217,study_plan,Energy Engineering study plan,"rinciples of Management 1 Cr (3,0) This course introduces students to the management process of a business organization. The course emphasizes basic concepts and functions of management by examining the processes of planning, organizing, leading, and controlling. Students will develop the skills and tools required to work with people and resources to achieve organizational goals. Students will also develop their strategic management and decision -making capacities. Prerequisites: - 3030 1223 : Introduction to Translation 1 Cr (3,0) This course introduces students to the standard Chinese language and is designed for students with no or minimal previous background in spoken or written Chinese. Students in this course focus on learning essential vocabulary, practicing pronunciation, and understanding simple grammatical struc tures.",en,Energy Engineering,Energy_StudyPlan 1.txt,source
study_0218,study_plan,Energy Engineering study plan,"urse focus on learning essential vocabulary, practicing pronunciation, and understanding simple grammatical struc tures. This knowledge prepares students to effectively communicate in Chinese on a limited range of topics related to everyday situations. Students practice listening and speaking in real -life situations, learn to read and write Chinese characters, and exa mine how culture and language interact in China. In -class activities and course assignments aim to assist students as they develop the oral proficiency and confidence necessary to initiate simple conversations. Out -of-classroom experiences such as field tr ips and guided interactions with native speakers supplement formal classroom instruction and provide ample opportunities for practical engagement.",en,Energy Engineering,Energy_StudyPlan 1.txt,source
study_0219,study_plan,Energy Engineering study plan,"s with native speakers supplement formal classroom instruction and provide ample opportunities for practical engagement. Prerequisites: 30301124, or by permission of the department 30302134: Strategies for Industry Competitiveness: Tools & Techniques 1 Cr (3,0) This course covers the role of policy in industry competitiveness. The course examines firm strategies, cluster vitality, and the quality of the business environment in which competition takes place, all of which can determine a nation’s productivity. Prerequisites: - 21 School Requirements Course Descriptions 30303110 : Remedial Math 2 Cr (2,0) This course serves as an introductory course designed specifically for students that lack a foundational knowledge in mathematics required to pursue a post high school degree (HNC, HND, or Bachelor’s).",en,Energy Engineering,Energy_StudyPlan 1.txt,source
study_0220,study_plan,Energy Engineering study plan,"hat lack a foundational knowledge in mathematics required to pursue a post high school degree (HNC, HND, or Bachelor’s). This course revisits topics typically covered in high school for students that failed to pass the mathematics placement test upon the admission pr ocess. The topics included in this unit are numbers, algebra and functions, geometry, and vectors. (Exempted if Math placement test (1) score ≥60%). Prerequisites: Placement test - 40303130 : Fundamentals of Computing 4 Cr (3,3) This course provides a comprehensive route to developing an in -depth exposure to personal computers, hardware, a range of operating systems, and in -depth programming in C. Students learn the functionality of various hardware and software components and bes t practices in maintenance and safety issues as well as programming in C, including variables, operations, functions, structures, and pointers.",en,Energy Engineering,Energy_StudyPlan 1.txt,source
study_0221,study_plan,Energy Engineering study plan,"nce and safety issues as well as programming in C, including variables, operations, functions, structures, and pointers. Prerequisites: - 30303111: Functional Math 3 Cr (3,0) This course introduces a transitional stage for the study of subsequent mathematics subjects in other schools. Among the topics included in this unit are algebra, functions and graphs, differentiation, integration, and matrices. It strengthens the problem formulation skills, i.e., the ability to transla te real application problems into a series of mathematical processes. (Exempted if Math placement test (2) score ≥80%).",en,Energy Engineering,Energy_StudyPlan 1.txt,source
study_0222,study_plan,Energy Engineering study plan,"te real application problems into a series of mathematical processes. (Exempted if Math placement test (2) score ≥80%). Prerequisites: 30303110 30303112: Functional Physics 3 Cr (3,0) This course demonstrates understanding and application of essential physics topics such as: Physics and measurements, motion in one dimension, vectors, motion in two dimensions, the laws of motion, forces and motion, applications of Newton’s laws (projectile, angular velocity, etc.), energy of a system, static eq uilibrium, and electricity . Prerequisites: -- 22 00101100: Introduction to Engineering Drawing 1 Cr (0,1) This course provides the fundamentals of engineering graphics and drawing. Among the topics covered are: drawing of orthographic, isometric and auxiliary projections, sectioning, dimensioning, scaling, documentation.",en,Energy Engineering,Energy_StudyPlan 1.txt,source
study_0223,study_plan,Energy Engineering study plan,"red are: drawing of orthographic, isometric and auxiliary projections, sectioning, dimensioning, scaling, documentation. Students learn and use the interface, s tructure, and commands of latest version of computer - aided design (CAD) software. Prerequisites: - 00103101: STEM Lab I 1 Cr (0,3) This course develops the basic skills in the fields of science, technology, engineering, and mathematics through a set of practical experiments, covering mechanical, electrical, electronics, automation, mechanics of materials, robotics, computer applications, and process control. Prerequisites: - 00102102: STEM Lab II 1 Cr (0,3) This course provides students with a modern hands -on technical perspective of STEM education as they are applied in professional settings.",en,Energy Engineering,Energy_StudyPlan 1.txt,source
study_0224,study_plan,Energy Engineering study plan,"s students with a modern hands -on technical perspective of STEM education as they are applied in professional settings. The lab is equipped with state -of-the-art educational technologies in fields related but not limited to electromechan ical systems, robotics, pneumatic systems, automation, image processing, sensor installation and calibration, and material manufacturing processes. Prerequisites: 00103101 00101103: Workshop I 2 Cr (0,6) This course develops the following basic skills: Hand filing, turning, welding, piping and plumbing, carpentry, brick laying, constructional works, surveying measurements, sheet metal fabrication, household electric circuits, and installation of simple com puter networks.",en,Energy Engineering,Energy_StudyPlan 1.txt,source
study_0225,study_plan,Energy Engineering study plan,"eying measurements, sheet metal fabrication, household electric circuits, and installation of simple com puter networks. Prerequisites: - 00101104: Workshop II 1 Cr (0,3) This course covers hands on training on manual and electric driven tools, electric arc welding, spot welding, resistance welding, sand casting, sheet metal forming, longitudinal lathing, longitudinal and inclined turning, and metal milling. Prerequisites: 00101103 00102205: Advanced Workshop for Energy Engineers 1 Cr (0,3) This lab focuses on practical aspects of solar and wind energy systems. It covers the components of each system including different types of inverters, charge controllers and batteries. In addition it covers the use of 23 advanced measurement tools such as po wer analyzers, clamp meters and irradiance temperature meter.",en,Energy Engineering,Energy_StudyPlan 1.txt,source
study_0226,study_plan,Energy Engineering study plan,"covers the use of 23 advanced measurement tools such as po wer analyzers, clamp meters and irradiance temperature meter. The students end up designing a PV system using software tools and then constructing this system and operating it. Prerequisites: 00101104 00103110: Engineering Math 4 Cr (3,3) This course aims to develop students’ skills in the mathematical principles and theories that are directly applicable to the engineering industry. Students will be introduced to mathematical methods and statistical techniques that enable them to analyze and sol ve problems within an engineering context.",en,Energy Engineering,Energy_StudyPlan 1.txt,source
study_0227,study_plan,Energy Engineering study plan,"atical methods and statistical techniques that enable them to analyze and sol ve problems within an engineering context. Among the topics included in this course are: Arithmetic and geometric progressions; exponential, logarithmic, circular, and hyperbolic functions; mean and standard deviation of grouped data, linear regression; Bi nomial and normal distributions; sine waves and their applications, trigonometric and hyperbolic identities; vector functions; and the use of differential and integral calculus in solving engineering problems. Prerequisites: 30303111 00102111: Engineering Science 4 Cr (3,3) This course introduces the fundamental laws and applications of the physical sciences within engineering and how to apply this knowledge to find solutions to a variety of engineering problems.",en,Energy Engineering,Energy_StudyPlan 1.txt,source
study_0228,study_plan,Energy Engineering study plan,"ical sciences within engineering and how to apply this knowledge to find solutions to a variety of engineering problems. Among the topics included in this course are: international system of units, interpreting data, static and dynamic forces, fluid mechanics and thermodynamics, material properties and failure, and A.C./D.C. circuit theories. Prerequisites: 30303112 00101112: Engineering Design 4 Cr (3,3) This course introduces the methodical steps that engineers use in creating functional products and processes; from a design brief to the work, and the stages involved in identifying and justifying a solution to a given engineering need.",en,Energy Engineering,Energy_StudyPlan 1.txt,source
study_0229,study_plan,Energy Engineering study plan,"design brief to the work, and the stages involved in identifying and justifying a solution to a given engineering need. Among the topics in cluded in this course are: Gantt charts and critical path analysis, stakeholder requirements, market analysis, design process management, modelling and prototyping, manufacturability, reliability life cycle, safety and risk, management, calculations, drawi ngs and concepts and ergonomics. Prerequisites: 00101100 00103213: Further Mathematics 4 Cr (3,3) This course introduces additional mathematical topics to students, advancing their knowledge of the underpinning mathematics gained in the Engineering Mathematics course. The purpose of this course is to prepare students to analyze and model engineering si tuations using mathematical techniques.",en,Energy Engineering,Energy_StudyPlan 1.txt,source
study_0230,study_plan,Energy Engineering study plan,"urpose of this course is to prepare students to analyze and model engineering si tuations using mathematical techniques. Among the topics included in this course are number theory, complex numbers, matrix theory, linear equations, numerical integration, and graphical representations of curves for estimation within an engineering contex t. Furthermore, this course expands students’ knowledge of calculus to discover how to model and solve engineering problems using first and second order differential equations. 24 Prerequisites: 00103110 00102220: Managing A Professional Engineering Project 4 Cr (3,3) This course introduces students to the techniques and best practices required to successfully create and manage an engineering project designed to identify a solution to an engineering need.",en,Energy Engineering,Energy_StudyPlan 1.txt,source
study_0231,study_plan,Energy Engineering study plan,"equired to successfully create and manage an engineering project designed to identify a solution to an engineering need. Among the topics covered in this course are: roles, responsibilities and behaviors of a professional engineer, planning a project, project management stages, devising solutions, theories and calculations, management using a Gantt chart, evaluation techniques, communication skills, an d the creation and presentation of a project report. Pre-Requisite: 00101112 00103375: Introduction to Artifical Intelligence and Data Science 3 Cr (2,3) This course gives an introduction to Artificial Intelligence and Data Science. It provides an overview of AI development history, explains AI ethics, and discusses future trends. The course reviews basic math concepts in Calculus, Linear Algebra, and Probability Theory.",en,Energy Engineering,Energy_StudyPlan 1.txt,source
study_0232,study_plan,Energy Engineering study plan,"and discusses future trends. The course reviews basic math concepts in Calculus, Linear Algebra, and Probability Theory. The math exposure will be limited, and only essential concepts will be discussed. The course will introduce the following topics: Data Visualization, Data Pre - Processing, Missing Data, Normalization and Standardization, Log Transformation, Cross and Auto Correlation, Linear and Nonlinear Regression, Clustering and Classif ication, Machine Learning, Artificial Neural Networks, Deep Learning, Supervised and Unsupervised learning. Different examples and case studies will be provided and discussed. The course will introduce Python with its most popular packages (NumPy, Pandas, Matplotlib, Scikit -learn, and TensorFlow) and introduce available platform environments.",en,Energy Engineering,Energy_StudyPlan 1.txt,source
study_0233,study_plan,Energy Engineering study plan,"pular packages (NumPy, Pandas, Matplotlib, Scikit -learn, and TensorFlow) and introduce available platform environments. This is a hands -on and project - based course and will include a laboratory that will enhance the students’ coding skills. Prerequisites: 40303130 & 00103110 Program Requirements Course Descriptions 00102321: Professional Engineering Management 4 Cr (3,3) This course aims to continue building up on the knowledge gained by Managing a Professional Engineering Project course, to provide students with the professional standards for engineers and to guide them on how to develop the range of employability skills needed by professional engineers.",en,Energy Engineering,Energy_StudyPlan 1.txt,source
study_0234,study_plan,Energy Engineering study plan,"ds for engineers and to guide them on how to develop the range of employability skills needed by professional engineers. Among the topics included in this course are: engineering strategy and services delivery planning, the role of sust ainability, Total Quality Management (TQM), engineering management tools, managing people and becoming a professional engineer. Prerequisites: 00102220 00103230: Electrical and Electronic Principles 4 Cr (3,3) This course provides students with a good and wide -ranging grasp of the fundamental principles of electrical and electronic circuits and devices.",en,Energy Engineering,Energy_StudyPlan 1.txt,source
study_0235,study_plan,Energy Engineering study plan,"nts with a good and wide -ranging grasp of the fundamental principles of electrical and electronic circuits and devices. Topics included in this course are: Analysis of simple 25 circuits with constant voltages and currents, using cir cuit laws, Kirchhoff’s and Thevenin’s laws, and the superposition principle; analysis of simple circuits with sinusoidal voltages and currents; basis of semiconductor action, and its applications to simple electronic devices, such as junction diode, Zener diode, light emitting diode, bipolar transistor, junction field effect transistor (FET), and metal oxide semiconductor FET (MOSFET); difference between analogue and digital electronics, and simple applications of each.",en,Energy Engineering,Energy_StudyPlan 1.txt,source
study_0236,study_plan,Energy Engineering study plan,"oxide semiconductor FET (MOSFET); difference between analogue and digital electronics, and simple applications of each. Prerequisites: 00102111 00103240: Electronic Circuits and Devices 4 Cr (3,3) This course introduces students to the use of electronics manufacturers’ data to analyze the performance of circuits and devices, the operational characteristics of amplifier circuits, the types and effects of feedback on a circuit performance, and the ope ration and application of oscillators. Students will also be introduced to the application of testing procedures to electronic devices and circuits, and the use of the findings of the tests to evaluate their operation.",en,Energy Engineering,Energy_StudyPlan 1.txt,source
study_0237,study_plan,Energy Engineering study plan,"ing procedures to electronic devices and circuits, and the use of the findings of the tests to evaluate their operation. Among the topics included in this cou rse are: Power amplifiers (classes A, B, and AB); operational amplifiers (inverting, non -inverting, differential, summing, integrator, differentiator); feedback types, such as open, closed, positive, and negative feedback; frequency, stability, frequency d rift, distortion, amplitude, wave shapes, and testing procedures. Prerequisites: 00103230 00103232: Further Electrical, Electronic and Digital Principles 4 Cr (3,3) This course focuses on using appropriate mathematical techniques to solve a range of electrical and electronic problems by applying appropriate circuit theorems and computer simulation tools.",en,Energy Engineering,Energy_StudyPlan 1.txt,source
study_0238,study_plan,Energy Engineering study plan,"ve a range of electrical and electronic problems by applying appropriate circuit theorems and computer simulation tools. Topics include steady state circuit analysis techniques such as mesh and nodal analysis, using complex notation and phasor diagrams to analy ze single and three -phase AC circuits. Terminology related to power calculations such as instantaneous power, power factor, real and reactive power are summarized based on the power triangle representation. The course also briefs the characteristics of non -linear circuits including diodes and transistors. Prerequisites: 00103230, 00103213 00103331: Industrial Power, Electronics and Storage 4 Cr (3,3) This course reviews the main issues related to energy demand and production, efficiency measures and policies, and interfacing between renewable energy sources and the grid.",en,Energy Engineering,Energy_StudyPlan 1.txt,source
study_0239,study_plan,Energy Engineering study plan,"demand and production, efficiency measures and policies, and interfacing between renewable energy sources and the grid. It reviews the historical perspective of energy production and demand, their envir onmental effects, and the necessity of renewable, or sustainable, energy sources. Energy auditing and management skills are delivered through this course, discussed through examples of energy efficiency in buildings and electric vehicles. Renewable energy sources are then investigated in detail, concentrating on their theoretical models, control circuits, and grid interfacing techniques. The impact of connecting renewable energy sources to the grid is also discussed, introducing the principle of smart grid.",en,Energy Engineering,Energy_StudyPlan 1.txt,source
study_0240,study_plan,Energy Engineering study plan,"he impact of connecting renewable energy sources to the grid is also discussed, introducing the principle of smart grid. Prerequisites: 00103240 26 00103250: Instrumentation and control systems 4 Cr (3,3) This course discusses the main components of instrumentation and measurements systems including various types of sensing elements (such as: displacement, speed, pressure, temperature and strain), variable conditioning and signal processing techniques, in a ddition to signal representation methods. The course also introduces the concepts and terminology of control systems, such as: open and closed loop systems, discrete and analogue systems, and focuses on process controllers. Proportional -Integral -Differenti al (PID) controllers are investigated in details according to their mathematical models.",en,Energy Engineering,Energy_StudyPlan 1.txt,source
study_0241,study_plan,Energy Engineering study plan,"portional -Integral -Differenti al (PID) controllers are investigated in details according to their mathematical models. Multiple practical experiments and simulations exercises are conducted throughout the course demonstrating conventional instrumentation circuits. Prerequisites: 00103 230 00103333: Electrical Machines 3 Cr (2,3) This course provides the theoretical background of standard electrical machines. It presents the main principles of electro -magnetism, reluctance circuits and transformers operation. It provides detailed analysis of common alternating -current machines such as single -phase and three -phase motors. Different types of machines such as induction and synchronous types are compared in terms of operation, speed -torque characteristics, and applications.",en,Energy Engineering,Energy_StudyPlan 1.txt,source
study_0242,study_plan,Energy Engineering study plan,"as induction and synchronous types are compared in terms of operation, speed -torque characteristics, and applications. Prerequisites: 00103232 00101240: Fundamen tals of Thermodynamics and Heat Engines 4 Cr (3,3) This course introduces the principles and concepts of thermodynamics and its application in modern engineering. Among the topics included are: Forms of energy and basic definitions, properties of pure substances, first law of thermodynamics, polytrophic pr ocesses, application of steady flow energy equation to plant equipment, principles of heat transfer, application of the second law of thermodynamics and efficienc y improvements of heat engines. Prerequisites: 001 02111 00101241: Fluid Mechanics 4 Cr (3,3) This course introduces fluid mechanics principles used in mechanical engineering applications .",en,Energy Engineering,Energy_StudyPlan 1.txt,source
study_0243,study_plan,Energy Engineering study plan,"uid Mechanics 4 Cr (3,3) This course introduces fluid mechanics principles used in mechanical engineering applications . Among topics included in this course are: pressure and force, submerged surfaces, fluid flow theory, continuity equation, energy equation, aerodynamics, and hydraulic machinery, characteristics of Newtonian and non- Newtonian fluids, losses in pipes and conduits, operating principles of various water turbines and pumps. Prerequisites: 001 02111 27 00101 343: Further Thermodynamics 4 Cr (3,3) The aim of this course is to build on the techniques explored in Fundamentals of Thermodynamics and Heat Engines course, to develop further students’ skills in applied thermodynamics by investigating the relationships between theory and practice.",en,Energy Engineering,Energy_StudyPlan 1.txt,source
study_0244,study_plan,Energy Engineering study plan,"velop further students’ skills in applied thermodynamics by investigating the relationships between theory and practice. Among the topics included in this unit are: irreversibility, heat pumps and refrigeration, performance of air compressors, Rankine cycle and steam power plant s, Brayton cycle and gas turbine power plants . Prerequisites: 001 01240 00101442 : Heat and Mass Transfer 3 Cr (2,3) The course introduces the governing laws and applications of heat and mass transfer. Among the topics included in this course are: Basic concepts and modes of heat transfer, Heat conduction equation, Steady heat conduction, Forced convection: External and internal flow, free convection, Heat exchangers , mass transfer: Diffusion process, Fick ’s law, concept of permeability.",en,Energy Engineering,Energy_StudyPlan 1.txt,source
study_0245,study_plan,Energy Engineering study plan,"nternal flow, free convection, Heat exchangers , mass transfer: Diffusion process, Fick ’s law, concept of permeability. Prerequisites: 001 01240 00101345 : Heating, Ventilation and Air Conditioning (HVAC) 3 Cr (2,3) This course introduces the most important HVAC systems and their supporting elements, and the underpinning science that is currently used in many different buildings around the world. Among topics included in this course are: Psychrometric principles, ther mal comfort, air conditioning processes, inside and outside design conditions, heating and cooling load calculations, infiltration, ventilation rates, solar gain, design of heating and air conditioning systems, selection of HVAC equipment and components, codes and standards.",en,Energy Engineering,Energy_StudyPlan 1.txt,source
study_0246,study_plan,Energy Engineering study plan,"r gain, design of heating and air conditioning systems, selection of HVAC equipment and components, codes and standards. Prerequisites: 001 01240 00101366 : Lean manufacturing 4 Cr (3,3) The aim of this course is to introduce the principles and processes of lean manufacturing and explore the tools and techniques that are applied by organizations practicing lean. Among the topics included in this course are: scoping and defining lean manufa cturing, the benefits and challenges of adopting Lean, The Toyota Production System (TPS), common tools and techniques associated with lean manufacturing and process improvement, and the most appropriate improvement tool(s) to tackle a problem.",en,Energy Engineering,Energy_StudyPlan 1.txt,source
study_0247,study_plan,Energy Engineering study plan,"iated with lean manufacturing and process improvement, and the most appropriate improvement tool(s) to tackle a problem. Prerequis ites: 00101112 00102330: Energy Resources and Conversion 3 Cr (3,0) This course introduces the students to the fundamentals of energy conversion principles and systems, and covers contemporary energy issues and challenges. Topics covered include: Global energy demand and energy mix , future energy outlook, environmental impacts, Crude oil and petroleum products, natural gas, oil shale, coal, nuclear energy, renewable energy, final energy use, engines, power plants, 28 cogeneration, combustion, boilers and furnaces, heat exchanges and heat recovery, electrical power transmission and d istribution systems, energy storage .",en,Energy Engineering,Energy_StudyPlan 1.txt,source
study_0248,study_plan,Energy Engineering study plan,"nd furnaces, heat exchanges and heat recovery, electrical power transmission and d istribution systems, energy storage . Prerequisites: 00101240 00102340 : Renewable Energy Systems and Technologies 3 Cr (2,3) This course introduces students to renewable energy resources and technologies, including the assessment of the benefits and limitations of each of them. T opics covered include: Renewable energy resource assessment, wind energy, solar thermal energy system s, solar photovoltaic systems, hydropower, geothermal energy systems, wave energy, biogas and biofuels, grid integration, legislative frameworks, economics of renewable energy. Prerequisites: 001 02111 00102541: Photovoltaic Systems 3 Cr (2,3) This course covers an in -depth analysis of solar photovoltaic systems and technologies and focuses on the practical design considerations.",en,Energy Engineering,Energy_StudyPlan 1.txt,source
study_0249,study_plan,Energy Engineering study plan,"an in -depth analysis of solar photovoltaic systems and technologies and focuses on the practical design considerations. Topics covered include: Solar radiation characteristics, solar insolation over collecting surfaces and shading analysis, categories of photovoltaic systems, specification and selection of solar PV modules, t ypes and characteristics of grid -connected inverters, fixed and tracking mounting structures, design of grid -connected PV systems using software tools, energy yield calculations, economic feasibility, testing and commissioning, operation and maintenance, off-grid PV systems, hybrid PV -systems, and storage technologies.",en,Energy Engineering,Energy_StudyPlan 1.txt,source
study_0250,study_plan,Energy Engineering study plan,"testing and commissioning, operation and maintenance, off-grid PV systems, hybrid PV -systems, and storage technologies. Prerequisites: 00103232 & 00102340 00102531: Energy Economics, Policy, and Regulations 3 Cr (3,0) This course is designed to equip the student with basic economic analysis tools and to familiarize him with the current and evolving legislative and policy framework. Topics covered include: Engineering economic analysis, time -value of money, cash flow, measures of economic feasibility, life cycle analysis, investment assessment criteria and options, energy demand and supply, national energy balance, energy pricing and electricity tariff structures, national energy strategies, national energy legislation s, energy project models and contracts (EPC, BOT, DBO) .",en,Energy Engineering,Energy_StudyPlan 1.txt,source
study_0251,study_plan,Energy Engineering study plan,"ctures, national energy strategies, national energy legislation s, energy project models and contracts (EPC, BOT, DBO) . Prerequisites: 00102330 00102532: Energy Efficiency and Management 3 Cr (2,3) This course prepares the student to conduct detailed energy audits, recommend energy saving measures, and design effective energy management plans. Topics covered include: Need for energy management, types of energy audits, planning and conducting energy audits, energy audit reports, measurement dev ices and instruments, performance contracting, energy purchasing, energy accounting and benchmarking, codes and standards, energy efficiency in various systems (electrical, lighting, HVAC, building envelope, boilers and steam networks, motors and drives, m otors, pumps and fans, compressed air systems, heat recovery, thermal energy storage), energy management systems (ISO 50001).",en,Energy Engineering,Energy_StudyPlan 1.txt,source
study_0252,study_plan,Energy Engineering study plan,", pumps and fans, compressed air systems, heat recovery, thermal energy storage), energy management systems (ISO 50001). 29 Prerequisites: 00102330 00102522: Maintenance Engineering 3 Cr (3,0) This course introduces the concepts of Reliability, maintainability, availability, and safety of products and systems, with practical applications and case studies. Topics covered include: Building and analyzing reliability models using block diagrams, Fault Tree Analysis (FTA), Failure Mode & Effect Analysis (FMEA), concepts and methods of maintenance planning and management with a focus on corrective and preventive maintenance, cost estimation and scheduling of maintenance activities, forecasting of spare parts needed for equipment maintenance , inventory control models, introduction to computerized maintenance management systems.",en,Energy Engineering,Energy_StudyPlan 1.txt,source
study_0253,study_plan,Energy Engineering study plan,"eeded for equipment maintenance , inventory control models, introduction to computerized maintenance management systems. Prerequisites: 001 02321 00102542: Solar Thermal Systems 3 Cr (2,3) This course aim s to qualify the student to design and analyse a variety of solar thermal systems taking into consideration theoretical and practical aspects. Topics covered include: Properties of solar radiation, materials and thermal fluids, types of solar thermal systems, specifications of solar collectors, perfor mance characteristics, solar water storage tanks, solar control units, circulation systems, codes and standards, solar thermal power plants, industrial solar systems, solar cooling applications, swimming pool heating applications, solar desalination applic ations.",en,Energy Engineering,Energy_StudyPlan 1.txt,source
study_0254,study_plan,Energy Engineering study plan,"ustrial solar systems, solar cooling applications, swimming pool heating applications, solar desalination applic ations. Prerequisites: 001 01242 00102543: Wind Energy 3 Cr (2,3) This course covers the fundamentals of the design, testing, and operation aspects of modern wind turbine systems. Topics covered include: Wind characteristics and resources, wind resource assessment, wind measurement s and instrumentation, aerodynamics of w ind turbines, blade design, wind turbine mechanics and rotor dynamics, electrical aspects, materials and components of wind turbines, testing and performance, control systems, wind energy integration and economics. Prerequisites: 00103333 00102544: Green Buildings 3 Cr (2,3 ) This course introduces sustainability concepts in new and existing buildings and prepares the student for international certification in green buildings.",en,Energy Engineering,Energy_StudyPlan 1.txt,source
study_0255,study_plan,Energy Engineering study plan,"lity concepts in new and existing buildings and prepares the student for international certification in green buildings. Topics covered include: Green buildings rating systems, LEED concepts and categories, site sustainabil ity strategies, water efficiency and wastewater technologies, energy performance, building simulation, renewable energy in buildings, fundamental and enhanced commissioning, sustainable building materials, indoor air quality, lighting and thermal comfort, innovative design case studies. Prerequisites: 00102111 30 00102545: Sustainability 3 Cr (3,0 ) This course provides an in -depth discussion of modern sustainability concepts , challenges, and strategies in a global perspective.",en,Energy Engineering,Energy_StudyPlan 1.txt,source
study_0256,study_plan,Energy Engineering study plan,"provides an in -depth discussion of modern sustainability concepts , challenges, and strategies in a global perspective. Topics covered include: Natural cycles and eco -systems, United Nations millennium goals, national and regional sustainability planning, climate change and greenhouse gas management, energy -water -food nexus, pollution and waste, environmental justice, corpo rate and organizational sustainability management, ISO 14001, ISO 26000. Prerequisites: 00102340 00102550: Energy Storage 3 Cr (2,3) This course introduces the student to state -of-the-art energy storage technologies and systems, and the design and integration aspects in modern power systems.",en,Energy Engineering,Energy_StudyPlan 1.txt,source
study_0257,study_plan,Energy Engineering study plan,"ate -of-the-art energy storage technologies and systems, and the design and integration aspects in modern power systems. Topics covered include: Role of storage in modern power systems, technologies of energy storage systems, mechanical energy storage, electromagnetic energy storage, Lithium ion batteries, Lead acid batteries, flow batteries, sodium ion batteries, battery management systems, protection technologies, on -grid and off -grid operation control technologies, design and economic analysis of storage systems, grid -impact considerations, applications in micro grids. Prerequisites: 00103331 00102551: Smart Grids 3 Cr (2,3) This course provides an in -depth introduction to the aspects and consideration governing the evolution of conventional electrical networks into smart grids.",en,Energy Engineering,Energy_StudyPlan 1.txt,source
study_0258,study_plan,Energy Engineering study plan,"roduction to the aspects and consideration governing the evolution of conventional electrical networks into smart grids. Topics covered include: anatomy of smart grids, smart grid infrastructure, smart grid operation, co mmunication, cyber security, IEC 61850, power system protection applications, demand side management applications, energy storage applications, integration of electric vehicles. Prerequisites: 00103331 00102552: Electric and Hybrid Vehicles 3 Cr (2,3) This course introduces the fundamentals, principles and design of hybrid and electric vehicles. Among the topics covered are: components and operation of hybrid and electric vehicles, s izing the drive system , energy storage devices and challenges, battery and charging technologies, energy management systems , vehicle dynamics and tran smission, performance analysis.",en,Energy Engineering,Energy_StudyPlan 1.txt,source
study_0259,study_plan,Energy Engineering study plan,"battery and charging technologies, energy management systems , vehicle dynamics and tran smission, performance analysis. Prerequisites: 00103333 31 00102553: Energy Simulation in Buildings 3 Cr (2,3) This course builds on the knowledge of the student in energy systems used in buildings through the application of modern software tools to optimize energy efficient design strategies. Topics covered include: integrative modelling methods, energy models, model formulation process, processing the energy equations, fluid and heat flow, HVAC systems, on -site renewable energy, passive design aspects, practical applications. Prerequisites: 00101545 00102523: Health, Safety , and Environment 1 Cr (1,0) The course aims to qualify the student for international certification in health and safety and environmental awareness at work.",en,Energy Engineering,Energy_StudyPlan 1.txt,source
study_0260,study_plan,Energy Engineering study plan,"se aims to qualify the student for international certification in health and safety and environmental awareness at work. Topics covered include: Fund ame ntals of health and safety, the responsibility for health and safety, risk assessment and control, work equipment, transport safety, working with electricity, fire safety, manual handling, repetitive activity, hazardous substances, practical risk assessment planning activity, environ mental awareness, pollution impact assessment, dealing with emergencies. Prerequisites: 00102321 00102593: Special Topic s in Energy Engineering 3 Cr ( 3,0) This course will cover a thorough study of a state -of-the-art topic on one of energy engineering fields that is required by industry. The course content will vary each and will focus on concepts that are not addressed in current course selections.",en,Energy Engineering,Energy_StudyPlan 1.txt,source
study_0261,study_plan,Energy Engineering study plan,"ustry. The course content will vary each and will focus on concepts that are not addressed in current course selections. Prerequisites: Department Approval 00102490: Research Project for Energy Engineers 4 Cr (2,6) This course introduces the skills necessary to deliver a complex, independently conducted research project that fits within an energy engineering context. Topics included in this course are: Finding a research problem, project proposal, selection of project approach, literature review, data analysis and interpreting findings, project management and key milestones, reporting the research, project oral presentation, and research publication methods. Prerequisites: Department appr oval 00102494: Capstone Project for Energy Engineers 3 Cr (1,6) This course focuses on how choose and refine capstone project based on feedback from faculty, peers and partner organizations.",en,Energy Engineering,Energy_StudyPlan 1.txt,source
study_0262,study_plan,Energy Engineering study plan,"ourse focuses on how choose and refine capstone project based on feedback from faculty, peers and partner organizations. It introduces technical methods for analyzing, designing, prototyping, synthesizing, troubleshooting, and testing a project relevant to energy engineering. The students practice project documentation, formal design review presen tations, oral defense of the project, and writing a final report. Prerequisites: Department approval 32 00102496: Practical Training for Energy Engineers (PATH) 18 Cr (0,40) The practical training program is the bridge between academic study and industry. It is designed to transform the apprentice from a student to an employee. The main objective is to improve graduate readiness for full -time employment upon graduation.",en,Energy Engineering,Energy_StudyPlan 1.txt,source
study_0263,study_plan,Energy Engineering study plan,"a student to an employee. The main objective is to improve graduate readiness for full -time employment upon graduation. It is an 8 -month work placement opportunity for a student where they apply the technical knowledge obtained during study and develop their workplace skills to match high international standards. The program is designed to allow updated monitoring of the apprentice progress and development. Prerequisites: Department approval 00103534 : Power Systems 3 Cr (2,3) This course covers an introduction to electrical energy sources and power system components. Review of 1 -phase AC circuits, 3 -phase AC circuits, complex power, and modeling of transformers and generators. Power system representation using graphical and mat hematical methods. The one -line diagram. The concept of Per unit quantities. Per unit calculations applied to power systems.",en,Energy Engineering,Energy_StudyPlan 1.txt,source
study_0264,study_plan,Energy Engineering study plan,"ical methods. The one -line diagram. The concept of Per unit quantities. Per unit calculations applied to power systems. Transmission line Modeling: series impedance and shunt admittance. Transmission lines analysis: currents, voltages and power relat ionships at both ends, voltage regulation and efficiency, reactive power compensation. Power flow problem and analysis using Gauss -Seidel method, Newton -Raphson technique, decoupled power flow. Symmetrical 3 -phase fault calculations. Symmetrical components . Unsymmetrical fault calculations. Prerequisites: 00103232 Version Feb 2023 English Intermediate + Lab (Eng.",en,Energy Engineering,Energy_StudyPlan 1.txt,source
study_0265,study_plan,Energy Engineering study plan,"components . Unsymmetrical fault calculations. Prerequisites: 00103232 Version Feb 2023 English Intermediate + Lab (Eng. 120) Arabic Language and Communication skills Engineering Math Semester 1 Semester 2 Semester 3 Semester 4 Semester 5 Semester 6 Semester 7 Semester 8 Semester 9 Semester 10Safety, Health and Environment Photovoltaic Systems Energy Efficiency and Management Foundation English Intermediate Intensive +Lab (Eng. 100 or 110) Functional Math Functional Physics STEM Lab I Introduction to Engineering Drawing Workshop I Fundamentals of Computing Engineering Science Engineering Design STEM Lab II Workshop II Further Math Electrical and Electronic Principles Fundamentals of Thermodynamics and Heat Engines Professional Skills Professional Practice Advanced Workshop for Energy Engineers Fluid Mechanics Managing A Professional Engineering Project Heat and Mass Transfer Electronic C",en,Energy Engineering,Energy_StudyPlan 1.txt,source
study_0266,study_plan,Energy Engineering study plan,"hop for Energy Engineers Fluid Mechanics Managing A Professional Engineering Project Heat and Mass Transfer Electronic Circuits & Devices University Elective English Upper-Intermediate (Eng. 130) Professional Engineering Management University Elective Further Thermodynamics Further Electrical, Electronic and Digital Principles Industrial Power, Electronics, and Storage Energy Resources & Conversion Lean Manufacturing Instrumentation & Control systems Entrepreneurship Boot Camp English Advanced (140) (Bachelor Course) Research Project for Energy Engineers Practical Training for Energy Engineering (PATH) Power systems Program Elective Energy Economics, Policy, and Regulations Heating, Ventilation and Air Conditioning (HVAC) Introduction to AI and Data Science Program Elective Capstone Project for Energy Engineers Leadership Camp University Elective Program Elective Energy Engineering Progr",en,Energy Engineering,Energy_StudyPlan 1.txt,source
study_0267,study_plan,Energy Engineering study plan,tive Capstone Project for Energy Engineers Leadership Camp University Elective Program Elective Energy Engineering Program Map (Oct. 2022) Program Elective Program Compulsory University Requirement School Requirement Prerequisite Oct. 2022 Practical Training 18 19 4 3 3 1 2 1 4 3 4 4 4 4 4 4 4 4 4 4 4 4 1 3 4 4 1 3 3 3 3 3 3 1 3 4 4 1 1 1 1 3 1 1 4 6 3 1 Course Credit Hours 166 Semester Credit Hours 18 20 18 20 10 12 16 3 3 3 1 HNC HND HNC HNC HNC HNC HNC HNC HNC HND HND HND HND HND HND HND HNC Higher National Certificate Higher National Diploma. Technical Degree Bachelor Degree Co-rerequisite Military Science 1 3 Renewable Energy Systems and Technologies 3 Practical Training for Energy Engineering (PATH) continuation 12 15 Capstone Project for Energy Engineers continuation 2 132,en,Energy Engineering,Energy_StudyPlan 1.txt,source
study_0268,study_plan,Industrial Engineering study plan,"School of Engineering Technology Bachelor Degree in Industrial Engineering Study Plan 2023 Program General Objectives : 1. Provide world -class, flexible, STEM -based education which combines in -depth technical knowledge with professional, leadership, and entrepreneurial skills. 2. Prepare graduates to define, analyze, and solve complex problems within and between enterprises. 3. Build advanced practical and technical skills to enable the student to conceive, design, build, and test complex engineering systems. 4. Enable students to discover, understand, and incorporate appropriate new technologies in the design and operation of enterprises. 5. Provide the student with a hands -on understanding of the evolving market needs through a tailored and intensive industry -based apprenticeship scheme. 6.",en,Industrial Engineering,IE_StudyPlan 1.txt,source
study_0269,study_plan,Industrial Engineering study plan,"on understanding of the evolving market needs through a tailored and intensive industry -based apprenticeship scheme. 6. Create opportunities to enhance the student’s character, soft skills, and adaptation abilities within different multidisciplinary teams and changing professional environments. 7. Emphasize the need for engaging in life -long and independent learning and professional development. Program Specific Objectives: 1. Develop technical knowledge and skills in core industrial engineering fields, including operations research, production planning, quality control, and manufacturing. 2. Develop technical knowledge and skills in Information Technology and Automation fields, including data analytics, artificial intelligence, enterprise resource planning, and industry 4.0. 3.",en,Industrial Engineering,IE_StudyPlan 1.txt,source
study_0270,study_plan,Industrial Engineering study plan,"Automation fields, including data analytics, artificial intelligence, enterprise resource planning, and industry 4.0. 3. Prepare graduates for a range of career paths, including operations management, engineering consultancy, business analysis and transformation, quality assurance, and logistics/supply chain. 4. Enhance critical thinking, decision strategy, and problem -solving skills to solve complex industrial engineering problems. 5. Promote professional management and effective communication skills. Program Learning Outcomes 1. Apply technical knowledge, scientific principles, and mathematical skills to solve complex engineering problems in various fields, including logistics, operations, and production. 2. Use computer -aided tools to model, simulate, and optimize business operations and industrial systems. 3.",en,Industrial Engineering,IE_StudyPlan 1.txt,source
study_0271,study_plan,Industrial Engineering study plan,"production. 2. Use computer -aided tools to model, simulate, and optimize business operations and industrial systems. 3. Analyze data to make strategic decisions using statistical methods, data analytics tools, quality engineering techniques, and operations research methodologies. 4. Analyze and modify industrial systems using breakthrough technologies, such as Industry 4.0 and artificial intelligence. 5. Lead teams to develop and implement practical solutions to business operations and industrial engineering systems that consider social, environmental, and economic factors. 6. Communicate effectively in written, oral, and graphical forms with diverse audiences, including technical and non -technical stakeholders.",en,Industrial Engineering,IE_StudyPlan 1.txt,source
study_0272,study_plan,Industrial Engineering study plan,"ively in written, oral, and graphical forms with diverse audiences, including technical and non -technical stakeholders. Framework for BS Degree Classification Credit Hours Compulsory Elective Total University Requirements 24 3 27 School Requirements 35 0 35 Program Requirements 77 9 86 Professional Apprenticeship Training 18 0 18 Total 154 12 166 University Requirements: (27 credit hours) University Compulsory: (24 credit hours) Course ID Course Title Credit Hours Contact Hours Prerequisite Lecture Practical 30301121 Pre-Intermediate English Intensive + Lab 4 3 6 30301120 Pre-Foundation English Elementary Intensive 30301122 English Intermediate 3 6 0 30301121 30301123 English Upper -Intermediate 3 6 0 30301122 30301124 English Advanced 3 6 0 30301123 40302111 Professional Skills 1 2 0 - 40302211 Professional Practice 3 4 0 40302111 40302231 Entrepreneurship Bootcamp 4 2 6 30301123 & 403",en,Industrial Engineering,IE_StudyPlan 1.txt,source
study_0273,study_plan,Industrial Engineering study plan,nal Skills 1 2 0 - 40302211 Professional Practice 3 4 0 40302111 40302231 Entrepreneurship Bootcamp 4 2 6 30301123 & 40302211 30302232 Leadership Camp 1 3 0 30302231 or 40302231 30301111 Arabic Language & Communication Skills 1 1 0 30301110 30302129 Military Science 1 0 0 - Total 24 University Electi ves: 3 Credit Hours (three courses out of the following) Course ID Course Title Credit Hours Contact Hours Prerequisite Lecture Practical 30301130 Foundational French Language 1 3 0 - 30301131 French Language Level 1 1 3 0 30301130 30301232 French Language Level 2 1 3 0 30301131 30301233 French Language Level 3 1 3 0 30301232 30301140 Foundational German Language 1 3 0 - 30301141 German Language level 1 1 3 0 30301140 303011 50 Foundational Spanish Language 1 3 0 - 303011 60 Foundational Turkish Language 1 3 0 - 30301170 Foundational Italian Language 1 3 0 3030117 1 Italian Language 1 3 0 30,en,Industrial Engineering,IE_StudyPlan 1.txt,source
study_0274,study_plan,Industrial Engineering study plan,"0 Foundational Turkish Language 1 3 0 - 30301170 Foundational Italian Language 1 3 0 3030117 1 Italian Language 1 3 0 30301170 30301180 Chinese 1 1 3 0 30301221 Development Academic Writing 1 3 0 30301124 30301222 Research and Technical Writing 1 3 0 30301124 30302121 Science & Society Seminar I: Arab Contributions to Science and Arts 1 3 0 - 30302122 Science & Society Seminar II: Philosophy of Science 1 3 0 - 30302123 Art Appreciation and Techniques 1 3 0 - 30302124 Civil & Professional Culture 1 3 0 - 30302125 Rights and Responsibilities: Understanding Human Rights 1 3 0 - 30302126 Introduction to cultural Anthropology -Focus on Urban Anthropology 1 3 0 - 30302127 Jerusalem, History and Civilization 1 3 0 - 30302128 Jordan: History and Civilization 1 3 0 - 30302133 Principles of Management 1 3 0 - 30302134 Strategies for Industry Competitiveness: Tools & Techniques 1 3 0 - 30302135 Pri",en,Industrial Engineering,IE_StudyPlan 1.txt,source
study_0275,study_plan,Industrial Engineering study plan,inciples of Management 1 3 0 - 30302134 Strategies for Industry Competitiveness: Tools & Techniques 1 3 0 - 30302135 Principles of Accounting 1 3 0 - 30302136 Principles of Economics 1 3 0 - 30302237 Free Choice Elective 1 0 0 - 40302233 Business Analytics 1 3 0 - 40302221 Speech and Debate 1 3 0 - 30301223 Introduction to Translation 1 3 0 30301124 Total 3 School Requirements (35 credit hours) Course ID Course Title Total Theory Lab Type Prerequisite 30303111 Functional Math 3 3 0 HTU Placement test 30303112 Functional Physics 3 3 0 HTU - 40303130 Fundamentals of Computing 4 3 3 HTU - 00101100 Introduction to Engineering Drawing 1 0 3 HTU - 00103101 STEM Lab I 1 0 3 HTU - 00102102 STEM Lab II 1 0 3 HTU 00103101 00101103 Workshop I 2 0 6 HTU - 00101104 Workshop II 1 0 3 HTU 00101103 00103110 Engineering Math 4 3 3 HNC 30303111 00102111 Engineering Science 4 3 3 HNC 30303112 00101112 Engi,en,Industrial Engineering,IE_StudyPlan 1.txt,source
study_0276,study_plan,Industrial Engineering study plan,HTU 00101103 00103110 Engineering Math 4 3 3 HNC 30303111 00102111 Engineering Science 4 3 3 HNC 30303112 00101112 Engineering Design 4 3 3 HNC 00101100 00102220 Managing a Professional 4 3 3 HNC 00101112 Engineering Project 00106200 Intro to AI and Data Science 3 2 3 HTU 40303130 & 00103110 Total 35 IE Compulsory (77 Credit hours) Course ID Course Title Theory Lab Total Type Prerequisite 103230 Electrical and Electronics Principles 3 3 4 HNC 102111 103250 Instrumentation and Control 3 3 4 HNC 103230 106231 Quality and Process Improvement 2 3 4 HNC 106230 106230 Statistical Process Control 3 3 4 HNC 103110 106201 Data Analytics 2 3 3 HTU 106200 106502 Business Process Support 2 3 3 HTU 106201 106310 Operations Research 2 3 3 HTU 106201 103553 Industry 4.0 0 3 1 HTU 103250 106260 Financial Analysis 2 3 3 HTU 103110 106561 Industrial Cost analysis 2 3 3 HTU 106260 106321 Supply Chain Mana,en,Industrial Engineering,IE_StudyPlan 1.txt,source
study_0277,study_plan,Industrial Engineering study plan,250 106260 Financial Analysis 2 3 3 HTU 103110 106561 Industrial Cost analysis 2 3 3 HTU 106260 106321 Supply Chain Management 2 3 3 HTU 106320 106522 Logistics 2 3 3 HTU 106321 106511 Facility and Asset Management 2 3 3 HTU 106310 106591 Capstone Project for IE I 1 0 1 HTU 106490 106592 Capstone Project for IE II 2 0 2 HTU 106591 106512 Decision Analysis and Strategy 2 3 3 HTU 106511 106523 ERP Systems 1 3 2 HTU 106321 103213 Further Math 3 3 4 HND 103110 102321 Professional Engr.,en,Industrial Engineering,IE_StudyPlan 1.txt,source
study_0278,study_plan,Industrial Engineering study plan,"tegy 2 3 3 HTU 106511 106523 ERP Systems 1 3 2 HTU 106321 103213 Further Math 3 3 4 HND 103110 102321 Professional Engr. Management 3 3 4 HND 102220 106340 Sustainability 3 3 4 HND 102321 106332 Lean Manufacturing 3 3 4 HND 101362 101362 Advanced Manufacturing Technology 3 3 4 HND 106231 106320 Manufacturing Systems Engineering 3 3 4 HND 106201 106490 Research Project for IE 4 0 4 HND 100 hrs Total 77 IE Electives (9 Credit hours) Course ID Course Title Credit Hours Contact Hours Lecture Practical 00103555 Industrial Robotics 3 2 3 00106563 Principles of Sales and Marketing 3 2 3 106561 00102522 Maintenance Engineering 3 2 3 10649 5 00106513 Special Topics in Optimization and Decision Making 3 2 3 106310 00106504 Special Topics in Industrial Engineering 3 2 3 10649 5 00106503 Machine Learning Operations 3 2 3 106502 00102523 Health, Safety and Environment 3 2 3 10649 5 00106550 Ergonomic",en,Industrial Engineering,IE_StudyPlan 1.txt,source
study_0279,study_plan,Industrial Engineering study plan,"106503 Machine Learning Operations 3 2 3 106502 00102523 Health, Safety and Environment 3 2 3 10649 5 00106550 Ergonomics 3 2 3 10649 5 00106562 Business and Labor Law 3 3 0 10649 5 00103383 Programming Logic Controllers 3 2 3 103250 00106533 Industrial Engineering application in healthcare 3 2 3 10649 5 00106570 Introduction to electronics manufacturing 3 2 3 101362 00106524 Supply Chain Risk, Disruption, and Resilience 3 2 3 106321 00106525 Supply Chain Technologies 3 2 3 106321 00106526 E-commerce and Omni -channel Logistics 3 2 3 106321 Total 9 Professional Apprentice Requirements (18 credit hours) (8 months) Course ID Course Title Credit Hours Contact Hours Type Prerequisite Lecture Practical 106493 Apprenticeship for Industrial Engineering I (Student must pass 100 CH) 6 0 10 HTU 40302231 106494 Apprenticeship for Industrial Engineering II 6 0 15 HTU 106493 or (up to 12 hrs Concurre",en,Industrial Engineering,IE_StudyPlan 1.txt,source
study_0280,study_plan,Industrial Engineering study plan,"CH) 6 0 10 HTU 40302231 106494 Apprenticeship for Industrial Engineering II 6 0 15 HTU 106493 or (up to 12 hrs Concurrent) 10649 5 Apprenticeship for Industrial Engineering III 6 0 15 HTU 10649 4 or (up to 12 hrs Concurrent) Total 18 SCHOOL REQUIREMENTS Functional Math This course reviews the fundamental concepts in numerical analysis, linear algebra, geometry, statistics, and probabilities. It strengthens problem -formulation skills (i.e., the ability to translate real application problems into a series of mathematical processes). It also focuses on developing the mathematical reasoning skills, such as mathematical deductions and proofs.",en,Industrial Engineering,IE_StudyPlan 1.txt,source
study_0281,study_plan,Industrial Engineering study plan,"processes). It also focuses on developing the mathematical reasoning skills, such as mathematical deductions and proofs. Functional Physics This course demonstrates understanding and application of essential physics topics such as: Physics and measurements, motion in one dimension, vectors, motion in two dimensions, the laws of motion, forces and motion, applications of Newton’s laws (projecti le, angular velocity, etc.), energy of a system, static equilibrium, and electricity and magnetism. Fundamentals of Computing This course provides a comprehensive route to developing an in -depth exposure to personal computers, hardware, a range of operating systems, and in -depth programming in C.",en,Industrial Engineering,IE_StudyPlan 1.txt,source
study_0282,study_plan,Industrial Engineering study plan,"ing an in -depth exposure to personal computers, hardware, a range of operating systems, and in -depth programming in C. Students learn the functionality of various hardware and software components and bes t practices in maintenance and safety issues as well as programming in C, including variables, operations, functions, structures, and pointers. Introduction to Engineering Drawing This course provides the fundamentals of engineering graphics and drawing. Among the topics covered are: drawing of orthographic, isometric and auxiliary projections, sectioning, dimensioning, scaling and documentation. Students learn and use the interface , structure, and commands of the latest version of a conventional computer -aided design (CAD) software.",en,Industrial Engineering,IE_StudyPlan 1.txt,source
study_0283,study_plan,Industrial Engineering study plan,"e the interface , structure, and commands of the latest version of a conventional computer -aided design (CAD) software. STEM Lab I This course develops the basic skills in the fields of science, technology, engineering and mathematics through a set of practical experiments covering mechanical, electrical, electronics, automation, mechanics of materials, robotics, computer applications and process control. STEM Lab II This course provides students with a modern hands -on technical perspective of STEM education as they are applied in professional settings. The lab is equipped with state -of-the-art educational technologies in fields related - but not limited - to electrome chanical systems, robotics, pneumatic systems, automation, image processing, sensor installation and calibration and material manufacturing processes.",en,Industrial Engineering,IE_StudyPlan 1.txt,source
study_0284,study_plan,Industrial Engineering study plan,"eumatic systems, automation, image processing, sensor installation and calibration and material manufacturing processes. Workshop I This course develops the following basic skills: Hand filing, turning, welding, piping and plumbing, carpentry, brick laying, constructional works, surveying measurements, sheet metal fabrication, household electric circuits and installation of simple comp uter networks. Workshop II This course covers hands -on training on manual and electric driven tools, electric arc welding, spot welding, resistance welding, sand casting, sheet -metal forming, longitudinal lathing, longitudinal and inclined turning and metal milling. Engineering Math This course aims to develop students’ skills in the mathematical principles and theories that are directly applicable to the engineering industry.",en,Industrial Engineering,IE_StudyPlan 1.txt,source
study_0285,study_plan,Industrial Engineering study plan,"p students’ skills in the mathematical principles and theories that are directly applicable to the engineering industry. Students will be introduced to mathematical methods and statistical techniques that enable them to analyze an d solve problems within an engineering context. Among the topics included in this course are: Arithmetic and geometric progressions (exponential, logarithmic, circular and hyperbolic functions), mean and standard deviation of grouped data, linear regressio n, binomial and normal distributions. In addition to sine waves and their applications, trigonometric and hyperbolic identities, vector functions and the use of differential and integral calculus in solving engineering problems.",en,Industrial Engineering,IE_StudyPlan 1.txt,source
study_0286,study_plan,Industrial Engineering study plan,"perbolic identities, vector functions and the use of differential and integral calculus in solving engineering problems. Engineering Science This course introduces the fundamental laws and applications of the physical sciences within engineering and the application of this knowledge in finding solutions to a variety of engineering problems. Among the topics included in this course are: international system of units, interpreting data, static and dynamic forces, fluid mechanics and thermodynamics, material properties and failure, in addition to A.C./D.C. circuit theories. Engineering Design This course introduces the methodical steps that engineers use in creating functional products and processes, starting from a design brief to the work and the stages involved in identifying and justifying a solution to a given engineering need.",en,Industrial Engineering,IE_StudyPlan 1.txt,source
study_0287,study_plan,Industrial Engineering study plan,"a design brief to the work and the stages involved in identifying and justifying a solution to a given engineering need. Among the topics included in this cour se are: Gantt charts and critical path analysis, stakeholder requirements, market analysis, design process management, modelling and prototyping, manufacturability, reliability life -cycle, safety and risk management, calculations, drawings and concepts and ergonomics. Managing a Professional Engineering Project This course introduces students to the techniques and best practices required to successfully create and manage an engineering project designed to identify a solution to an engineering need.",en,Industrial Engineering,IE_StudyPlan 1.txt,source
study_0288,study_plan,Industrial Engineering study plan,"equired to successfully create and manage an engineering project designed to identify a solution to an engineering need. Among the topics covered in this course are: roles, responsibilities and behaviors of a professional engineer, planning a project, project management stages, devising solutions, theories and calculations, management using a Gantt chart, evaluation techniqu es, communication skills, and the creation and presentation of a project report. Introduction to AI and Data Science This course provides a comprehensive introduction to the fundamental concepts and applications of artificial intelligence (AI) and data sciences. Students will explore key algorithms and methodologies essential for problem -solving in the fields of search, adversarial search, knowledge -based agents, machine learning, natural language processing, and analytics domains.",en,Industrial Engineering,IE_StudyPlan 1.txt,source
study_0289,study_plan,Industrial Engineering study plan,"arch, adversarial search, knowledge -based agents, machine learning, natural language processing, and analytics domains. Practical implementation of these concepts through Python programming will be a core component of the course. IE COMPULSORY COURSES Further Mathematics This course introduces additional mathematical topics to students, advancing their knowledge of the underpinning mathematics gained in the Engineering Mathematics course. The purpose of this course is to prepare students to analyze and model engineering si tuations using mathematical techniques. Among the topics included in this course are Number theory, complex numbers, matrix theory, linear equations, numerical integration, and graphical representations of curves for estimation within an engineering context.",en,Industrial Engineering,IE_StudyPlan 1.txt,source
study_0290,study_plan,Industrial Engineering study plan,"equations, numerical integration, and graphical representations of curves for estimation within an engineering context. Furthermore, this course expands students’ knowledge of calculus to discover how to model and solve engineering problems using first and second order differential equations. Statistical Quality Control Control charts and measurements are methods used to detect trends and quality variations in the output of processes, allowing early warnings of deviations from specifications. These signals are then used to initiate corrective actions in production plannin g, process method, modification and maintenance of systems. SPC forms an important part of most process improvement methodologies, such as Total Quality Management and Six Sigma. This unit introduces the student to the statistical techniques used in proces s control, variables inspection and attributes inspection.",en,Industrial Engineering,IE_StudyPlan 1.txt,source
study_0291,study_plan,Industrial Engineering study plan,"uces the student to the statistical techniques used in proces s control, variables inspection and attributes inspection. The collection and handling of data and its interpretation using process control charts is covered. These skills will allow the student to assess process capability and recognise types of variabili ty that may occur in different processes. By the end of this unit, students will be able to apply relevant statistical techniques used in process quality control and to evaluate the outcome of a process against the desired specification Data Analytics This course introduces the theoretical foundation of data analytics and a range of data analytic processes and techniques to provide hands -on experience for enhancing students’ skills.",en,Industrial Engineering,IE_StudyPlan 1.txt,source
study_0292,study_plan,Industrial Engineering study plan,"cs and a range of data analytic processes and techniques to provide hands -on experience for enhancing students’ skills. Topics included in this course are: Data analytic terminologies; types of data analytics; data exploration and visualization; understanding data with descriptive, predictive and prescriptive analytics. Business Process Support This unit introduces students to a range of tools, techniques and technologies used for acquiring data and processing it into meaningful information that can be used to support business functions and processes. Students will examine how data and information support business processes, the mechanisms to source and utilise data and turn it in to usable, and valuable, information output.",en,Industrial Engineering,IE_StudyPlan 1.txt,source
study_0293,study_plan,Industrial Engineering study plan,"usiness processes, the mechanisms to source and utilise data and turn it in to usable, and valuable, information output. Students will explore real -world business problems, the emergence of data science and how the application of data science can be used to support business processes. Finally, students will demonstrate practical application of data science techniques to support real -world business problems. Operations Research Students learn principles of linear programming as well as modelling techniques of simple production problems, network problems, and binary integer problems. Students learn solving models graphically for a two -dimensional model, using Simplex Method for mo re than two variables, and coding a linear program on Python and use the package Pulp to solve the models to optimality. Students learn post -optimality analysis as well as duality theory and their uses.",en,Industrial Engineering,IE_StudyPlan 1.txt,source
study_0294,study_plan,Industrial Engineering study plan,"lp to solve the models to optimality. Students learn post -optimality analysis as well as duality theory and their uses. Quality and Process Improvement This unit introduces students to the importance of quality assurance processes in a manufacturing or service environment and the principles and theories that underpin them. Topics included in this unit are: tools and techniques used to support quality control, attributes and variables, testing processes, costing modules, the importance of qualifying the costs related to quality, international standards for management (ISO 9000, 14000, 18000), European Foundation for Quality Management (EFQM), principles, tools and techniques of Total Quality Management (TQM) and implementation of Six Sigma .",en,Industrial Engineering,IE_StudyPlan 1.txt,source
study_0295,study_plan,Industrial Engineering study plan,"Management (EFQM), principles, tools and techniques of Total Quality Management (TQM) and implementation of Six Sigma . Manufacturing Systems Engineering Manufacturing systems engineering is concerned with the design and on -going operation and enhancement of the integrated elements within a manufacturing system, which is a very complex activity, even for simple products. The art of manufacturing systems engineering is essentially designing systems that can cope with that complexity effectively. The aim of this unit is to develop students’ understanding of that complexity within a modern manufacturing environment.",en,Industrial Engineering,IE_StudyPlan 1.txt,source
study_0296,study_plan,Industrial Engineering study plan,"The aim of this unit is to develop students’ understanding of that complexity within a modern manufacturing environment. Among the topics covered in this unit are: el ements that make up a manufacturing system, including production engineering, plant and maintenance engineering, product design, logistics, production planning and control, forecast quality assurance, accounting and purchasing, all of which work together w ithin the manufacturing system to create products that meet customers’ requirements. On successful completion of this unit students will be able to explain the principles of a manufacturing system and consider how to design improvements. They will be intro duced to all the elements that make up a modern manufacturing system, and they will learn how to optimise the operation of existing systems through discerning use of monitoring data.",en,Industrial Engineering,IE_StudyPlan 1.txt,source
study_0297,study_plan,Industrial Engineering study plan,"system, and they will learn how to optimise the operation of existing systems through discerning use of monitoring data. Some of the elements will be developed in greater depth; of particular im portance will be looking at the systems of production planning and control, which are the day -to-day tools used to manage the manufacturing system effectively. Financial Analysis This course provides an in -depth understanding of the principles and methods used to evaluate the financial health and performance of businesses. The course covers a wide range of topics, including financial statements analysis, financial ratios, cash flow analysis, capital budgeting, valuation, and risk analysis. The course also covers ca sh flow analysis, which involves examining a company's cash inflows and outflows to determine its ability to generate cash and meet its financial obligations.",en,Industrial Engineering,IE_StudyPlan 1.txt,source
study_0298,study_plan,Industrial Engineering study plan,"ning a company's cash inflows and outflows to determine its ability to generate cash and meet its financial obligations. Students will learn how to use discounted cash flow (DCF) analysis to evaluate the potential valu e of a company, project or investment. Industrial Cost Analysis Students gain knowledge regarding managerial accounting and cost concepts, classifications and calculations. Module also introduces ABC and other costing methods such as cost for pricing, cost evaluation and improvement, costs for decision making, budgeting, and variance analysis. Students are introduced to financial balance sheet calculations, depreciation, assets and liabilities, and taxes.",en,Industrial Engineering,IE_StudyPlan 1.txt,source
study_0299,study_plan,Industrial Engineering study plan,"lysis. Students are introduced to financial balance sheet calculations, depreciation, assets and liabilities, and taxes. This will include the following: Cost estimation and the budgeting process: , scheduling and allocating resources techniques such as PERT and CPM, managing projects through information systems , and monitoring/c ontrolling projects . Supply Chain Engineering The module covers topics related to supply chain design, planning, and integration. This includes sourcing decisions, logistic systems, capacity analyses, aggregate planning, and distribution networks. The module also discusses latest development in supply chain management including sustainability and technology applications. The team project portion of the module allows the students to model and evaluate a real -world supply chain.",en,Industrial Engineering,IE_StudyPlan 1.txt,source
study_0300,study_plan,Industrial Engineering study plan,"plications. The team project portion of the module allows the students to model and evaluate a real -world supply chain. This includes developing a SIPOC structure, setting KPIs, and optimizing the supply chain network. Logistics This course introduces students to practical concepts of warehousing and inventory management including the types of equipment, storage processes and systems, the technologies used to identify and track units in a warehouse, and the regulations designed to ensure safety in warehouse operations. ERP Systems The Enterprise Resource Planning (ERP) course is designed to provide students with a comprehensive understanding of the principles, concepts, and tools used in modern ERP systems. The course covers a wide range of topics, including the role of ERP systems in business operations, ERP implementation strategies, ERP modules, and ERP system customization.",en,Industrial Engineering,IE_StudyPlan 1.txt,source
study_0301,study_plan,Industrial Engineering study plan,"he role of ERP systems in business operations, ERP implementation strategies, ERP modules, and ERP system customization. Students will learn how to use ERP software to manage and analyze data, and how to configure and customize an ERP system to meet the specific needs of a business. Advanced Manufacturing Technology The ability of successful companies to meet the growing demand of customers is heavily influenced by the development of advanced manufacturing technologies. Customers expect high complexity products, on demand, and with a growing element of customisation. In adopting advanced manufacturing technologies, successful companies will ensure faster time to market of new products, improve products and processes, use new, sustainable, materials, and customise to customer requirements. Manufacturing systems engineer ing underpins this development.",en,Industrial Engineering,IE_StudyPlan 1.txt,source
study_0302,study_plan,Industrial Engineering study plan,"nable, materials, and customise to customer requirements. Manufacturing systems engineer ing underpins this development. In order to meet changing customer expectations and gain competitive advantage, focus needs to be applied to developing smart factories and advanced manufacturing technologies. Manufacturing organisations will seek integrati on between manufacturing technology, high performance computing, the internet, and the product at all stages of its life cycle. Industry 4.0 is the term that has been adopted to describe the ‘fourth’ industrial revolution currently underway, at present, in the manufacturing and commercial sectors of our society. It is a revolution based on the integration of cyber -physical systems with the Internet of Things and services.",en,Industrial Engineering,IE_StudyPlan 1.txt,source
study_0303,study_plan,Industrial Engineering study plan,"ociety. It is a revolution based on the integration of cyber -physical systems with the Internet of Things and services. For the manufacturing sector, this integration has been enabled by successfully combin ing high performance computing, the internet and the development of advanced manufacturing technologies. Industry 4.0 is changing the way the world’s most successful companies produce the products that their global customers demand. On successful completio n of this unit students will be able to analyse and evaluate the potential of using advanced manufacturing technologies to improve the competitive advantage of the organisations adopting them. The student will develop knowledge and understanding of advance d manufacturing technologies, digitalisation and a range of advanced manufacturing technologies.",en,Industrial Engineering,IE_StudyPlan 1.txt,source
study_0304,study_plan,Industrial Engineering study plan,"nderstanding of advance d manufacturing technologies, digitalisation and a range of advanced manufacturing technologies. They will also develop their own research activities into the latest developments. Facility and Asset Management Students learn the concepts and methodology of facilities planning as well as layout planning, optimization algorithms applied to facilities layout, selection of material handling systems, and operations of warehouse. Students acquire knowledge and skills in the areas of strategic facilities planning and manufact uring facilities design. Students carry independent project work and research in the field.",en,Industrial Engineering,IE_StudyPlan 1.txt,source
study_0305,study_plan,Industrial Engineering study plan,"lities planning and manufact uring facilities design. Students carry independent project work and research in the field. Professional Engineering Management This course aims to continue building -up the knowledge gained by Managing a Professional Engineering Project course, to provide the students with common professional standards and guide them on how to develop a range of employability skills. Among the topics included in this course are: engineering strategy and services delivery planning, the role of sustainability, Total Quality Management (TQM), engineer ing management tools, managing people and becoming a professional engineer Sustainability This course provides an in -depth discussion of modern sustainability concepts, challenges, and strategies in a global perspective.",en,Industrial Engineering,IE_StudyPlan 1.txt,source
study_0306,study_plan,Industrial Engineering study plan,"provides an in -depth discussion of modern sustainability concepts, challenges, and strategies in a global perspective. Topics covered include: Natural cycles and eco - systems, United Nations millennium goals, national and regional sustainability planning, climate change and greenhouse gas management, energy -water -food nexus, pollution and waste, environmental justice, corporate and organizational sustainability management, ISO 14001, ISO 26000. Lean Manufacturing The aim of this course is to introduce the principles and processes of lean manufacturing and explore the tools and techniques that are applied by organizations practicing lean.",en,Industrial Engineering,IE_StudyPlan 1.txt,source
study_0307,study_plan,Industrial Engineering study plan,"processes of lean manufacturing and explore the tools and techniques that are applied by organizations practicing lean. Among the topics included in this course are: scoping and defining lean manufacturing, the benefits and challenges of adopting Lean, The Toyota Production System (TPS), common tools and techniques associated with lean manufacturing and process improvement, and the most appropriate improvement tool(s) to tackle a problem. Electrical and Electronic Principles This course provides students with a good and wide -ranging grasp of the fundamental principles of electrical and electronic circuits and devices. Topics included in this course are: Analysis of simple circuits with constant voltages and currents, using cir cuit laws, Kirchhoff’s and Thevenin’s laws, and the superposition principle.",en,Industrial Engineering,IE_StudyPlan 1.txt,source
study_0308,study_plan,Industrial Engineering study plan,"h constant voltages and currents, using cir cuit laws, Kirchhoff’s and Thevenin’s laws, and the superposition principle. In addition to the analysis of simple circuits with sinusoidal voltages and currents, basis of semiconductor action and its applications to simple electronic devices, such as junc tion diode, Zener diode, light emitting diode, bipolar transistor, junction field -effect transistor (FET), and metal -oxide -semiconductor FET (MOSFET), highlighting the difference between analogue and digital electronics and their applications. Instrumentation and Control This course discusses the main components of measuring systems including various types of sensing elements (such as: displacement, speed, pressure, temperature , and strain), variable conditioning and signal processing techniques, in addition to signal representation methods.",en,Industrial Engineering,IE_StudyPlan 1.txt,source
study_0309,study_plan,Industrial Engineering study plan,"ure , and strain), variable conditioning and signal processing techniques, in addition to signal representation methods. The course also introduces the concepts and terminology of control systems, such as: open and closed loop, discrete and analogue systems. It focuses on process controllers as a main part of control systems. Proportional - Integral -Differential (PID) controllers are investigated in details and according to their mathematical models. Multiple practical experiments and simulation exercises are cond ucted throughout the course demonstrating conventional instrumentation circuits . Industry 4.0 The aim of this unit is to provide a principle understanding of why and how smart factories are changing the face of manufacturing.",en,Industrial Engineering,IE_StudyPlan 1.txt,source
study_0310,study_plan,Industrial Engineering study plan,"this unit is to provide a principle understanding of why and how smart factories are changing the face of manufacturing. Students are first introduced to the factors and consequences behind industrial revolutions and the definition of smart factories followed by the wide range of technologies that make smart factories work. Students will then be able to reflect on successful case studies of transitioning to Industry 4.0 followed by considering possible future directions with respect to Industry 5.0 – personalisation. Research Project for IE This course introduces the skills necessary to deliver a complex, independently conducted research project that fits within an industrial engineering context.",en,Industrial Engineering,IE_StudyPlan 1.txt,source
study_0311,study_plan,Industrial Engineering study plan,"ssary to deliver a complex, independently conducted research project that fits within an industrial engineering context. Topics included in this course are: Finding a research problem, project proposal, selection of project approach, literature review, data analysis and interpreting findings, project management and key milestones, reporting the research, project oral presentation, and research publication methods. Capstone Project for IE This course focuses on how choose and refine capstone project based on feedback from faculty, peers and partner organizations. It introduces technical methods for analyzing, designing, prototyping, synthesizing, troubleshooting, and testing a project relevant to industrial engineering. The students practice project documentation, formal design review presentations, oral defense of the project, and writing a final report.",en,Industrial Engineering,IE_StudyPlan 1.txt,source
study_0312,study_plan,Industrial Engineering study plan,"tice project documentation, formal design review presentations, oral defense of the project, and writing a final report. Presents various guest speakers from different IE fields and industries to open the door for possibilities. Decision Analysis and Strategy This course focuses on applying quantitative methods and decision - making techniques to real -world industrial problems. The course covers topics such as optimization, linear and integer programming, simulation, game theory, and heuristics. Students will learn how to gather and analyze data, build models, and make informed decisions to improve processes and increase efficiency in industrial settings. Additionally, students will explore various strategy formulation and implementation techniques, including SWOT analysis, Porter's Five Forces, and strategic management frameworks.",en,Industrial Engineering,IE_StudyPlan 1.txt,source
study_0313,study_plan,Industrial Engineering study plan,"ation and implementation techniques, including SWOT analysis, Porter's Five Forces, and strategic management frameworks. The goal of the course is to equip students with the analytical and strategic skills necessary to be effective leaders and decision -makers in industrial engineering. IE PROGRAM ELECTIVES Manufacturing Process This course introduces the students to the techniques and capabilities of different manufacturing processes for metals and polymers. Fundamental topics include Manufacturing processes (cutting, casting, forming, machining, joining, finishing, assembly, additive manufacturing etc.), dimensional measurements, quality engineering, design for manufacturing, production planning. Industrial Robotics The aim of this course is for students to investigate the range, operations, and benefits of industrial robots within manufacturing applications.",en,Industrial Engineering,IE_StudyPlan 1.txt,source
study_0314,study_plan,Industrial Engineering study plan,"for students to investigate the range, operations, and benefits of industrial robots within manufacturing applications. The course covers the fundamentals of robot systems, including their kinematics, dynamics, and control. Among the topics included are industrial robot selection, programming and safety protocols that anticipate future dev elopments in industrial robot technology. Students will learn the different robot structures with emphasis on six -degree of freedom manipulators. Students will understand the electrical, mechanical, hydraulic and pneumatic operation of common industrial r obots. Students will learn how to program an industrial robot for automated process applications and will understand the communication protocols. Through lectures, lab experiments, and hands -on projects, students will learn how to design and program indust rial robots for various applications.",en,Industrial Engineering,IE_StudyPlan 1.txt,source
study_0315,study_plan,Industrial Engineering study plan,"ents, and hands -on projects, students will learn how to design and program indust rial robots for various applications. By the end of the course, students will have a strong foundation in industrial robots and automation systems, enabling them to develop and implement robotic solutions in real -world settings. Discrete Event Simulation This course provides an in -depth introduction to discrete event simulation, a powerful analytical tool essential for studying complex industrial systems. Through a combination of theory and practical application, students will develop the skills necessary to effectively model, simulate, and analyze various systems. Key topics covered in the course include Input/output analysis, random number generation, Queuing models, and model validation and verification.",en,Industrial Engineering,IE_StudyPlan 1.txt,source
study_0316,study_plan,Industrial Engineering study plan,"e course include Input/output analysis, random number generation, Queuing models, and model validation and verification. The “theory” of simulation involves probability an d statistics, thus a good background in probability and statistics is required. The “theory” of simulation involves probability and statistics, thus a good background in probability and statistics is required. Throughout the course, emphasis will be placed on practical application, hands -on exercises, and case studies to reinforce theoretical concepts and develop students' proficiency in simulation modeling and analysis. By the end of the course, students will be equipped with the skills and knowledge neces sary to leverage discrete event simulation effectively in the study and optimization of complex industrial systems.",en,Industrial Engineering,IE_StudyPlan 1.txt,source
study_0317,study_plan,Industrial Engineering study plan,"eces sary to leverage discrete event simulation effectively in the study and optimization of complex industrial systems. Digital Transformation In this unit, students will explore the impact of both the current and emerging digital technologies across different industries and investigate how organisations and businesses use digital technologies to meet their needs. They will also look at how an organisations strategy and leadership decision making is impacted by digital technology implementation. They will plan a solution for a specific organisation to use a new or emerging technology. Maintenance Engineering This course introduces the concepts of Reliability, maintainability, availability, and safety of products and systems, with practical applications and case studies.",en,Industrial Engineering,IE_StudyPlan 1.txt,source
study_0318,study_plan,Industrial Engineering study plan,"bility, maintainability, availability, and safety of products and systems, with practical applications and case studies. Topics covered include: Building and analyzing reliability models using block diagrams, Fault Tree Analysis (FTA), Failure Mode & Effect Analysis (FMEA), concepts and methods of maintenance planning and management with a focus on corrective and preventive maintenance, cost estimation and scheduling of maintenance activities, forecasting of spare parts needed for equipment maintenance, inventory control models, introduction to computerized maintenance management systems .",en,Industrial Engineering,IE_StudyPlan 1.txt,source
study_0319,study_plan,Industrial Engineering study plan,"eeded for equipment maintenance, inventory control models, introduction to computerized maintenance management systems . Ergonomics Basic concepts of anthropometry, to match the physical dimensions of workplaces and products with the body dimensions of intended users; An introduction to occupational biomechanics, the structure and properties of the musculoskeletal system, and related upper extremity related cumulative trauma disorders; Physiological aspects of muscle work and the implications of work capacity limits for ergonomic job design; Nature of light stimulus, eyeball anatomy and characteristics of the visual sensory system; Huma n information processing model, cognition processes, limitations of the human cognitive system, implications and solutions for design problems; Human factors principles in the design of displays and controls.",en,Industrial Engineering,IE_StudyPlan 1.txt,source
study_0320,study_plan,Mechanical Engineering study plan,"1 School of Engineering Technology Mechanical Engineering Department Bachelor’s Degree in Mechanical Engineering Study Plan 2022 (Version Date: Jan. 2025) 2 Program Objectives : • Provide world -class, flexible, STEM -based education which combines in -depth technical knowledge with professional, leadership, and entrepreneurial skills. • Build advanced practical and technical skills to enable the student to conceive, design, build, and test complex engineering systems. • Provide the student with a hands -on understanding of the evolving market needs through a tailored and intensive industry -based apprenticeship scheme. • Create opportunities to enhance the student’s character, soft skills, and adaptation abilities within different multidisciplinary teams and changing professional environments.",en,Mechanical Engineering,Mechanical_StudyPlan 1.txt,source
study_0321,study_plan,Mechanical Engineering study plan,", soft skills, and adaptation abilities within different multidisciplinary teams and changing professional environments. • Emphasize the need for engaging in life -long and independent learning and professional development. • Equip the student with the up -to-date and relevant preparation for employment in a variety of technical and engineering fields, or for initiating an innovative entrepreneurial venture or a technology startup. • Enable the student to progress in graduate studies in relevant technical or engineering fields. Program Outcomes : Upon graduation, the graduate of the Mechanical Engineering Program should be able to: • Apply knowledge of science, mathematics, technology, and engineering fundamentals to mechanical engineering applications. • Design and conduct experiments, as well as analyze and present results in a professional manner.",en,Mechanical Engineering,Mechanical_StudyPlan 1.txt,source
study_0322,study_plan,Mechanical Engineering study plan,"neering applications. • Design and conduct experiments, as well as analyze and present results in a professional manner. • Design, model, analyze and build practical mechanical engineering systems to meet specific requirements and realistic constraints. • Use the techniques, skills, and modern engineering and computing tools necessary for engineering practice. • Identify, formulate, and solve engineering problems. • Communicate effectively, and function in multidisciplinary teams. • Understand professional and ethical issues and the responsibilities of the engineering practice. • Recognize contemporary issues and environmental, cultural, and economical consideration of the engineering profession. • Appreciate the need for professional development and engage in life -long learning. • Engage in entrepreneurial activity and understand the value of technology innovation.",en,Mechanical Engineering,Mechanical_StudyPlan 1.txt,source
study_0323,study_plan,Mechanical Engineering study plan,"d engage in life -long learning. • Engage in entrepreneurial activity and understand the value of technology innovation. • Understand the requirements and constraints of the professional employment environment. 3 Assessment of Program Outcomes Assessment model requires the students to engage with a variety of assessment tools that are accessible, appropriately challenging, and support the development of student self -efficacy and self - confidence. To ensure that assignments are valid and reliable, a robust quality assurance system that measures and monitors the effectiveness of their implementation is adopted . This includes ensuring that all students engage in assessment positively and honestly. Assessment also provides a learning opportunity for all stakeholders of the assess ment to have access to feedback that is both individual to each student and holistic to the cohort.",en,Mechanical Engineering,Mechanical_StudyPlan 1.txt,source
study_0324,study_plan,Mechanical Engineering study plan,"olders of the assess ment to have access to feedback that is both individual to each student and holistic to the cohort. Feedback to students should be supportive and constructive. Student self -efficacy (and therefore self -confidence) can be significantly enhanced where feedba ck not only focuses on areas for improvement but recognizes the strengths a student has. At the cohort level, similar trends could be identified that could inform future approaches to assessments and teaching. 4 Framework of Bachelor’s Degree Classification Credit Hours Compulsory Elective Total University Requirements 24 3 27 School Requirements 35 0 35 Program Requirements 74 12 86 Professional Apprenticeship Training 18 0 18 Total 151 15 166 5 1. University Requirements: (27 credit hours) 1.1.",en,Mechanical Engineering,Mechanical_StudyPlan 1.txt,source
study_0325,study_plan,Mechanical Engineering study plan,12 86 Professional Apprenticeship Training 18 0 18 Total 151 15 166 5 1. University Requirements: (27 credit hours) 1.1. Compulsory: (24 credit hours) Course ID Course Title Credit Hours Contact Hours Prerequisite Lecture Practical 30301121 Pre-Intermediate English Intensive + Lab 4 4 2 30301120 Pre-Foundation English Elementary Intensive 30301122 English Intermediate 3 4 0 30301121 30301123 English Upper -Intermediate 3 4 0 30301122 30301124 English Advanced 3 4 0 30301123 40302111 Professional Skills 1 3 0 - 40302211 Professional Practice 3 4 0 40302111 & 30301122 40302231 Entrepreneurship Bootcamp 4 8 0 30301123 & 40302211 30302232 Leadership Camp 1 3 0 30302231 or 40302231 30301111 Arabic Language & Communication Skills 1 3 0 30301110 30302129 Military Science 1 1 0 - Total 24 1.2.,en,Mechanical Engineering,Mechanical_StudyPlan 1.txt,source
study_0326,study_plan,Mechanical Engineering study plan,40302231 30301111 Arabic Language & Communication Skills 1 3 0 30301110 30302129 Military Science 1 1 0 - Total 24 1.2. Elective: 3 Credit Hours (three courses out of the following) Course ID Course Title Credit Hours Contact Hours Prerequisite Lecture Practical 30301130 Foundational French Language 1 3 0 - 30301131 French Language Level 1 1 3 0 30301130 30301232 French Language Level 2 1 3 0 30301131 30301233 French Language Level 3 1 3 0 30301232 30301140 Foundational German Language 1 3 0 - 30301141 German Language level 1 1 3 0 30301140 303011 50 Spanish Language 1 3 0 - 303011 60 Turkish Language 1 3 0 - 30301170 Foundation s of Italian Language 1 3 0 - 3030117 1 Italian Language 1 3 0 30301170 30301180 Chinese Language 1 3 0 - 30301221 Development Academic Writing 1 3 0 30301124 30301222 Research and Technical Writing 1 3 0 30301124 30301223 Introduction to Translation 1 3 0 30301,en,Mechanical Engineering,Mechanical_StudyPlan 1.txt,source
study_0327,study_plan,Mechanical Engineering study plan,"g 1 3 0 30301124 30301222 Research and Technical Writing 1 3 0 30301124 30301223 Introduction to Translation 1 3 0 30301124 30301224 Arabic Calligraphy 1 1.5 0 - 30302121 Science & Society Seminar I: Arab Contributions to Science and Arts 1 3 0 - 30302122 Science & Society Seminar II: Philosophy of Science 1 3 0 - 30302123 Art Appreciation and Techniques 1 3 0 - 30302124 Civil & Professional Culture 1 3 0 - 6 30302125 Rights and Responsibilities: Understanding Human Rights 1 3 0 - 30302126 Introduction to cultural Anthropology -Focus on Urban Anthropology 1 3 0 - 30302127 Jerusalem, History and Civilization 1 3 0 - 30302128 Jordan: History and Civilization 1 3 0 - 30302133 Principles of Management 1 3 0 - 30302134 Strategies for Industry Competitiveness: Tools & Techniques 1 3 0 - 30302135 Principles of Accounting 1 3 0 - 30302136 Principles of Economics 1 3 0 - 30302237 Free Choice Elec",en,Mechanical Engineering,Mechanical_StudyPlan 1.txt,source
study_0328,study_plan,Mechanical Engineering study plan,ues 1 3 0 - 30302135 Principles of Accounting 1 3 0 - 30302136 Principles of Economics 1 3 0 - 30302237 Free Choice Elective 1 0 0 - 40302233 Business Analytics 1 3 0 - 40302221 Speech and Debate 1 3 0 - 00302222 Introduction to Philosophy and Critical Thinking 1 2 0 - 40302233 Business Analytics 1 3 0 - 30302237 Free Choice Elective 1 0 0 - 00302238 Free Choice Elective 2 1 0 0 - Total 3 2. School Requirements: ( 35 credit hours) Course ID Course Title Credit Hours Contact Hours Type Prerequisite Lecture Practical 30303111 Functional Math 3 3 0 HTU 30303110 30303112 Functional Physics 3 3 0 HTU - 40303130 Fundamentals of Computing 4 6 0 HTU - 00101100 Introduction to Engineering Drawing 1 0 3 HTU - 00103101 STEM Lab I 1 0 3 HTU - 00102102 STEM Lab II 1 0 3 HTU 00103101 00101103 Workshop I 2 0 6 HTU - 00101104 Workshop II 1 0 3 HTU 00101103 00103110 Engineering Math 4 3 3 HNC 30303111 00,en,Mechanical Engineering,Mechanical_StudyPlan 1.txt,source
study_0329,study_plan,Mechanical Engineering study plan,"00101103 Workshop I 2 0 6 HTU - 00101104 Workshop II 1 0 3 HTU 00101103 00103110 Engineering Math 4 3 3 HNC 30303111 00102111 Engineering Science 4 3 3 HNC 30303112 00101112 Engineering Design 4 3 3 HNC 00101100 00102220 Managing a Professional Engineering Project 4 3 3 HNC 00101112 0010 6200 Introduction to AI and Data Sciences 3 2 3 HTU 40303130 & 00103110 Total 35 7 3. Progra m Requirements ( 86 credit hours) 3.1. Compulsory : (74 credit hours) Course ID Course Title Credit Hours Contact Hours Type Prerequisite Lecture Practical 00101230 Mechanical Principles 4 3 3 HNC 30303112 00101240 Fundamentals of Thermodynamics and Heat Engines 4 3 3 HNC 00102111 00101260 Materials, Properties and Testing 4 3 3 HNC 00102111 00101241 Fluid Mechanics 4 3 3 HNC 00102111 00101490 Research Project for Mechanical Engineering 4 2 6 HND >90 C.Hs 00101332 Advanced Mechanical Principles 4 3 3 HND 0010123",en,Mechanical Engineering,Mechanical_StudyPlan 1.txt,source
study_0330,study_plan,Mechanical Engineering study plan,"Research Project for Mechanical Engineering 4 2 6 HND >90 C.Hs 00101332 Advanced Mechanical Principles 4 3 3 HND 00101230 00101351 Virtual Engineering 4 3 3 HND 00101332 and 00103213 00101343 Further Thermodynamics 4 3 3 HND 00101240 00101362 Advanced Manufacturing Technology 4 3 3 HND 00101361 00102321 Professional Engineering Management 4 3 3 HND 00102220 00103213 Further Mathematics 4 3 3 HND 00103110 0010155 7 Machine Design 3 2 3 HTU 00101230 00101552 Modelling and Simulation for Engineers 3 2 3 HTU 00101351 00101361 Manufacturing Processes 3 2 3 HTU 00101260 00101 345 Heating, Ventilation and Air Conditioning (HVAC) 3 2 3 HTU 00101343 00101 442 Heat and Mass Transfer 3 2 3 HTU 00101240 00103250 Instrumentation and control systems 4 3 3 HTU 00103230 00101231 Dynamics and Vibrations 2 2 0 HTU 00101230 00103230 Electrical and Electronic Principles 4 3 3 HTU 00102111 00101205 Advanced",en,Mechanical Engineering,Mechanical_StudyPlan 1.txt,source
study_0331,study_plan,Mechanical Engineering study plan,"cs and Vibrations 2 2 0 HTU 00101230 00103230 Electrical and Electronic Principles 4 3 3 HTU 00102111 00101205 Advanced Workshop for Mechanical Engineering 1 0 3 HTU 00101104 00102523 Health, Safety, and Environment 1 1 0 HTU 00102321 0010159 4 Capstone Project for Mechanical Engineering 1 0 3 HTU 0010149 0 0010159 8 Capstone Project for Mechanical Engineering Continuation 2 0 6 HTU 0010159 4 Total 74 8 3.2. Electives : 12 credit hours (Four courses out of the following) A minimum of 12 credit hours of engineering coursework are required. This list is considered to be open for modifications on the basis of the decision of the school council before registration.",en,Mechanical Engineering,Mechanical_StudyPlan 1.txt,source
study_0332,study_plan,Mechanical Engineering study plan,"list is considered to be open for modifications on the basis of the decision of the school council before registration. Course ID Course Title Credit Hours Contact Hours Type Prerequisite Lecture Practical 00101533 Pneumatics and Hydraulic Systems 3 2 3 HTU 00101241 00101563 Digital and Additive Manufacturing 3 2 3 HTU 00101361 00101564 Advanced Materials 3 2 3 HTU 00101260 0010153 5 Mechatronic s 3 2 3 HTU 00103230 00102522 Maintenance Engineering 3 3 0 HTU 00102321 00101546 Advances in Heating, Ventilation and Air Conditioning 3 2 3 HTU 00101 345 00101565 Composite Materials 3 2 3 HTU 00101260 0010153 4 Robotic Systems in Engineering 3 2 3 HTU 00103230 00102340 Renewable Energy Systems and Technologies 3 2 3 HTU 00102111 00102542 Solar Thermal Systems 3 2 3 HTU 00101 442 00101544 Advanced Heat and Mass Transfer 3 2 3 HTU 00101 442 00101570 Building Services 3 2 3 HTU 00101240 00102330",en,Mechanical Engineering,Mechanical_StudyPlan 1.txt,source
study_0333,study_plan,Mechanical Engineering study plan,442 00101544 Advanced Heat and Mass Transfer 3 2 3 HTU 00101 442 00101570 Building Services 3 2 3 HTU 00101240 00102330 Energy Resources and Conversion 3 3 0 HTU 00101240 00101537 Spacecraft Systems and Design 3 3 0 HTU >100 Cr. Hrs. 00103554 Mobile Robotics 3 2 3 HTU 00103250 or 00101535 00103555 Industrial Robotics 3 2 3 HTU 00103250 00103583 Programmable Logic Controller 3 2 3 HTU 00103250 0010155 4 Special Topic in Mechanical Engineering 3 2 3 HTU Department Approval 00101555 Special Topic in Mechanical Engineering 1 1 1 0 HTU Department Approval 00101556 Special Topic in Mechanical Engineering 2 2 2 0 HTU Department Approval Total 12 9 4.,en,Mechanical Engineering,Mechanical_StudyPlan 1.txt,source
study_0334,study_plan,Mechanical Engineering study plan,"0 HTU Department Approval 00101556 Special Topic in Mechanical Engineering 2 2 2 0 HTU Department Approval Total 12 9 4. Professional Apprentice Requirements (18 credit hours) (8 months) Course ID Course Title Credit Hours Contact Hours TYPE Prerequisite Lecture Practical 00101 291 Apprenticeship for Mechanical Engineering I 6 0 HTU 00101 392 Apprenticeship for Mechanical Engineering II 6 0 HTU 00101393 Apprenticeship for Mechanical Engineering III 6 0 HTU Total 18 University Compulsory Course Descriptions 30301120 : Pre-Foundation Eng lish Elementary Intensive + Lab , 4 Cr (6,3 ) This foundation course deals with all language skills: speaking, listening, reading, writing, grammar review, and vocabulary building.",en,Mechanical Engineering,Mechanical_StudyPlan 1.txt,source
study_0336,study_plan,Mechanical Engineering study plan,"to describe in simple terms aspects of their background, immediate environment, and matters in areas of immediate need. This course also includes scheduled lab time, dedicated to practice and/or other work assigned by the instructor to enhance students’ communication skills [including assigned homework/in -class practice], writing or speaking workshops, and projects. Prerequisites : Placement test score: Pearson 0 -35, VTEST A1, A2.1, A2.2 (0 -34), TOEFL IBT: 0 -31, IELTS: 0 -4.0, TOEFL ITP: 0 -399 30301121: Pre-Intermediate English Intensive + Lab , 4 Cr (6,3 ) This foundation course deals with all language skills: speaking, listening, reading, writing, grammar review, and vocabulary development.",en,Mechanical Engineering,Mechanical_StudyPlan 1.txt,source
study_0337,study_plan,Mechanical Engineering study plan,"ourse deals with all language skills: speaking, listening, reading, writing, grammar review, and vocabulary development. The overall objective of the course is to ensure that students could understand and express in speech and writing: inf ormation, ideas, feelings, opinions, and common functions about situations relating to English skills. By the end of the course, students will reach a B1 level on the Global Scale of English (GSE). Students will be evaluated on their ability to understand the main points of clear standard input on familiar matters regularly encountered in the typical work -related environment/setting, specifically in relation to technical -English related communication skills.",en,Mechanical Engineering,Mechanical_StudyPlan 1.txt,source
study_0338,study_plan,Mechanical Engineering study plan,"typical work -related environment/setting, specifically in relation to technical -English related communication skills. In addition, students are required to be able to deal with most situations likely to arise while at the workplace or in the field where English is spoke n; in 10 addition to the type of setting they would need to communicate to other stakeholders (customer/ client, supervisor, sponsor/funding entity/ supplier and so on). Students will be able to produce simple connected text on topics which are familiar in their fi eld of study, and in relation to basic communication skills needed. Finally, students will be able to describe experiences and work -related skills, their opinion, plans, and other practical, relevant communication skills.",en,Mechanical Engineering,Mechanical_StudyPlan 1.txt,source
study_0339,study_plan,Mechanical Engineering study plan,"describe experiences and work -related skills, their opinion, plans, and other practical, relevant communication skills. This course also includes a scheduled lab time, dedicated to practice and/or other work assigned by the instructor to enhance students’ communication skills [including assigned homework/in -class practice], writing or speaking workshops, and projects pertai ning. Prerequisites : Placement test score: Pearson 36 -46, VTEST B1.1 (35 -45), TOEFL IBT: 32-42 (Minimum score of 6 in each of the four sections), IELTS: 4.5 (Minimum score of 4.0 in each of the four sections), TOEFL ITP: 400 -442, or 30301120 30301122 : English Intermediate , 3 Cr (6,0 ) This course is meant to follow on from 30301121; it is for students who have completed level 2 and now require an intermediate course in Technical English, and it is benchmarked against CEFR level B1+.",en,Mechanical Engineering,Mechanical_StudyPlan 1.txt,source
study_0340,study_plan,Mechanical Engineering study plan,"leted level 2 and now require an intermediate course in Technical English, and it is benchmarked against CEFR level B1+. This course targets students in technical or vocationa l education who want to develop their careers and technical skills, as it aims to prepare them for the successful and effective use of English in their studies and occupations. The course adopts a practical task -based approach, consisting of work -specific communicative functions, technology -specific notions or concepts, grammar, vocabulary, and skills. The syllabus is designed to reflect current and future developments in technology, whereby everything is selected based on high frequency of use and relevancy of needs across a range of technical contexts, including technical training and work contexts.",en,Mechanical Engineering,Mechanical_StudyPlan 1.txt,source
study_0341,study_plan,Mechanical Engineering study plan,"ency of use and relevancy of needs across a range of technical contexts, including technical training and work contexts. Prerequisites : Placement test score: Pearson 47 -58, VTEST B1.2 (46 -55), TOEFL IBT: 43-52 (Minimum score of 10 in each of the four sections) , IELTS: 5.0 (Minimum score of 4.5 in each of the four sections) TOEFL ITP: 443-476, or 30301121 30301123 : English Upper -Intermediate , 3 Cr (6,0 ) This course is for students in technical or vocational education, and for company employees in training at work. It covers the core language and skills that students need to communicate successfully in all technical and industrial specializations. It is fo r students who have an intermediate level of general English and now require an upper intermediate course in English for specific purposes. This is benchmarked against CEF level B2.",en,Mechanical Engineering,Mechanical_StudyPlan 1.txt,source
study_0342,study_plan,Mechanical Engineering study plan,"and now require an upper intermediate course in English for specific purposes. This is benchmarked against CEF level B2. The course uses a multi -thread syllabus consisting mainly of communicative functions, notions, grammar, vocabulary, and skills. The work -specific communicative functions (e.g., giving instructions, making recommendations') and technology -specific notions o r concepts (e.g., causation, resistance) are selected on the basis of relevance to the needs of students in technical training and work contexts. Grammatical exponents of functions and notions are selected based on frequency and relevance to needs. In this level, the syllabus organization is increasingly driven by topics, skills and genre or text type, within which appropriate grammar, vocabulary, functions, and notions are introduced or recycled.",en,Mechanical Engineering,Mechanical_StudyPlan 1.txt,source
study_0343,study_plan,Mechanical Engineering study plan,"and genre or text type, within which appropriate grammar, vocabulary, functions, and notions are introduced or recycled. The vocabulary of the course is a selection of common core l exical items that have a high frequency of use across a range of technical and industrial contexts. Many of these items can be found 11 in general contexts but have a greater frequency and often a more specific meaning in technical contexts. Many of them are the kind of words which a specialist in one field might use to explain technical concepts and specialized terms to the public, or to specialists in other fields.",en,Mechanical Engineering,Mechanical_StudyPlan 1.txt,source
study_0344,study_plan,Mechanical Engineering study plan,"ne field might use to explain technical concepts and specialized terms to the public, or to specialists in other fields. Prerequisites : Placement test score: Pearson 59 -68, VTEST: B2.1 (56-68), TOEFL IBT: 53-78 (Minimum score of 14 in each of the four sections) , IELTS: 5.5-6.0 (Minimum score of 5.0 in each of the four sections) , TOEFL ITP: 477 -547, or 30301122 30301124 : English Advanced Course, 3 Cr (6,0 ) This course is meant to follow 30301123. This course deals with all language skills: speaking, listening, reading, writing, grammar review, and vocabulary building. The overall objective of the course is to ensure that students can understand and respond a ppropriately in the spoken and written form to a wide range of demanding, longer texts and recognize implicit meaning. By the end of the course, students will reach a C1 level on the Global Scale of English (GSE).",en,Mechanical Engineering,Mechanical_StudyPlan 1.txt,source
study_0345,study_plan,Mechanical Engineering study plan,"cognize implicit meaning. By the end of the course, students will reach a C1 level on the Global Scale of English (GSE). Students will be evaluated on their ability to express themselves fluently and spontaneously without much obvious searching for expressions. In addition, student s are required to be able to use language flexibly and effectively for social, academic, and professional purposes. Students will be able to produce clear, well -structured, detailed text on complex subjects, showing controlled use of organizational pattern s, connectors, and cohesive devices. (Exempted if Placement test score: Pearson ≥ 81, VTEST ≥ C1 (≥81), TOEFL IBT: ≥ 102 (Minimum score of 22 in each of the four sections), IELTS: ≥ 7.5 (Minimum score of 6.5 in each of the four sections), TOEFL ITP: ≥ 608).",en,Mechanical Engineering,Mechanical_StudyPlan 1.txt,source
study_0346,study_plan,Mechanical Engineering study plan,"f 22 in each of the four sections), IELTS: ≥ 7.5 (Minimum score of 6.5 in each of the four sections), TOEFL ITP: ≥ 608). Prerequisites : Placement test score: Pearson 69 -80, VTEST B2.2 (69 -80), TOEFL IBT: 79 -101 (Minimum score of 18 in each of the four sections) , IELTS: 6.5-7.0 (Minimum score of 6.0 in each of the four sections) , TOEFL ITP: 548-607, or 30301123 40302111 : Professional Skills , 1 Cr (2,0) This course introduces students to the basic personal and interdependent competencies necessary to have a successful career and lead a fulfilling life. The course focuses on developing students’ self - awareness, self -esteem, and confidence relative to goal development, values, interests, and skills. The course gives special attention to interpersonal and communication skills including listening, speaking, and writing.",en,Mechanical Engineering,Mechanical_StudyPlan 1.txt,source
study_0347,study_plan,Mechanical Engineering study plan,"The course gives special attention to interpersonal and communication skills including listening, speaking, and writing. In addition, the course introduces students to effective time management and organizational skills, the dynamics of working within a team, and how attitude affects interpersonal relationship s. The course serves as a prerequisite for a later course, Soft Skills II, which focuses on professional practice and career readiness. Prerequisites : - 40302112 : Professional Practice , 3 Cr (4,0) This course aims to cover the general aspects of employability skills and to provide students with the tools and resources needed to make informed career decisions. The course put special emphasis on skills that can be transferable among a variety of profe ssions and careers and are considered essential in any employment setting.",en,Mechanical Engineering,Mechanical_StudyPlan 1.txt,source
study_0348,study_plan,Mechanical Engineering study plan,"can be transferable among a variety of profe ssions and careers and are considered essential in any employment setting. Students will learn to assess and identify the skills required to increase their chances of finding a job and perform better in the workplace. The course covers personal and 12 interpersonal skills, written communication, teamwork, and leadership development. The course introduces students to critical thinking and problem -solving techniques in addition to personal and professional development planning. Prerequisites : 40302111 & 30301122 40302231: Entrepreneurship Bootcamp , 4 Cr ( 2,6) HTU’s Accelerated Innovation and Entrepreneurship Bootcamp is an experiential learning journey that all HTU students undergo as part of their degree program at HTU.",en,Mechanical Engineering,Mechanical_StudyPlan 1.txt,source
study_0349,study_plan,Mechanical Engineering study plan,"rship Bootcamp is an experiential learning journey that all HTU students undergo as part of their degree program at HTU. Students are formed into high - performing teams with the mission to develop a desirable, feasible and viable solution that targets a specific customer segment with an attractive market size, while addressing one or more of the UN’s Sustainable Development Goals (SDG’s). Students leverage human -centered design and lean startup methodology to develop their prototypes and iterate on their solutions, while building an investable business case delivered through a final mission report and rocket pitch.",en,Mechanical Engineering,Mechanical_StudyPlan 1.txt,source
study_0350,study_plan,Mechanical Engineering study plan,"n their solutions, while building an investable business case delivered through a final mission report and rocket pitch. The Bootcamp equips students with the necessary business acumen than enhances their entrepreneurial and intrapreneurial mindset, skillset, and toolset while providing a transformative opportunity to upgrade their modes of being, thinking and doing, and to challenge what is possible for themselves and the world around them. Prerequisites: 40302112 & 30301123 30302232 : Leadership Camp, 1 Cr (0,3 ) A fundamental principle in teaching leadership is engaging students in experiential learning so they can mature into their leadership capacity. This course provides students with the diagnostic tools and strategic foundation for leading organizations, communities, and society.",en,Mechanical Engineering,Mechanical_StudyPlan 1.txt,source
study_0351,study_plan,Mechanical Engineering study plan,"rovides students with the diagnostic tools and strategic foundation for leading organizations, communities, and society. Students will practice a set of tools and behaviors that will allow them to improve their self -efficacy and develop their leadership skills. The course provides a safe and supportive environment where students will learn from actual experience and apply the concepts in real life settings and situations. The emphasis will be on experiential learning and the application of leadership concepts.",en,Mechanical Engineering,Mechanical_StudyPlan 1.txt,source
study_0352,study_plan,Mechanical Engineering study plan,"life settings and situations. The emphasis will be on experiential learning and the application of leadership concepts. Prerequisites: 30302231 or 40302231 30301110 : Remedial Arabic , 3 Cr (3,0 ) The course aims to improve the student's abilities in reading and comprehending texts' primary, secondary, and missing ideas and how to extract them; recognizing words' equivalent meanings in texts; differentiating opinion from fact; recognizing similariti es contained therein; comparing texts read with texts that are similar to them; and reasoning on the writer's attitude toward a topic by determining the implicit meanings contained.",en,Mechanical Engineering,Mechanical_StudyPlan 1.txt,source
study_0353,study_plan,Mechanical Engineering study plan,"e similar to them; and reasoning on the writer's attitude toward a topic by determining the implicit meanings contained. The course also aims to teach students the fundamentals of writing in Arab ic, so that they can write a paragraph and a summary in a sound Arabic language that is free of spelling and linguistic errors, expressing their thoughts and feelings while adhering to the correct language rules, using the correct conjunctions, punctuation marks, and Arabic 13 styles, and developing speaking skills about their family and community while adhering to the correct language rules respecting his teacher and fellow students, responding to their queries with a declaration of his views and supporting it with facts.",en,Mechanical Engineering,Mechanical_StudyPlan 1.txt,source
study_0354,study_plan,Mechanical Engineering study plan,"s teacher and fellow students, responding to their queries with a declaration of his views and supporting it with facts. The c ourse also aims to improve the student's listening abilities so that he can comprehend the speaker's main idea and supporting ideas, recognize the connections between them, and classify the ideas he heard with the ability to remember the right ones and be able to recognize strengths and weaknesses in the speaker's text. Prerequisites: Arabic Placement test 0 -59 30301111 : Arabic Language & Communication Skills , 1 Cr (1,0 ) In this level, students should understand the main ideas of complex texts on both concrete and abstract topics. Further, they should understand a wide range of demanding, long texts, and recognize implicit meanings.",en,Mechanical Engineering,Mechanical_StudyPlan 1.txt,source
study_0355,study_plan,Mechanical Engineering study plan,"abstract topics. Further, they should understand a wide range of demanding, long texts, and recognize implicit meanings. Analytical thinking is stressed at this stage as students should use the language skills they have d eveloped to engage in discussions about different topics. They will also develop and use their writing skills in different genres. They will be asked to present reports, articles, and essays on a wide variety of topics. Students will also develop their media skills tools and learn how to critically talk about and respond to a wide range of media reports. In addition, functional syntax will be deployed and will serve the aforementioned skills and goals. Finally, compiled authentic teaching materials will be used in this level.",en,Mechanical Engineering,Mechanical_StudyPlan 1.txt,source
study_0356,study_plan,Mechanical Engineering study plan,"ll serve the aforementioned skills and goals. Finally, compiled authentic teaching materials will be used in this level. Prerequisites: Arabic Placement test score ≥60 or 30301110 30302129 : Military Science , 1 Cr (1,0 ) The Military Science course is one of many components of the National Strategy for Higher Education in Jordan and is thus an extension of the Ministry of Education’s philosophy for Higher Education. The course covers the concept of a comprehensive national security strategy, both its traditional and social definitions, with the aim of consolidating the values of loyalty and belonging to the nation, which includes the land and its people, the system of governance, and the national security systems and milita ry institutions; the course thus prepares students to fulfil their roles in society as self -aware and responsible citizens who hold the power to advance positive ch",en,Mechanical Engineering,Mechanical_StudyPlan 1.txt,source
study_0357,study_plan,Mechanical Engineering study plan,"dents to fulfil their roles in society as self -aware and responsible citizens who hold the power to advance positive change and maintain a safe and stable nation. Furthermore, the course aims to enrich students’ knowledge about the history of the Hashemite Kingdom of Jordan and its development, and to provide essential information about the Jordanian armed forces and security systems, highlighting their crucial role in protecting our nation’s greater interests, a nd in serving and supporting the development of the local, Arab, and global communities. Moreover, the course aims to increase students’ awareness of the concept of national security through a comprehensive study of critical issues, including psychological warfare and the dangers of drugs and terrorism.",en,Mechanical Engineering,Mechanical_StudyPlan 1.txt,source
study_0358,study_plan,Mechanical Engineering study plan,"hrough a comprehensive study of critical issues, including psychological warfare and the dangers of drugs and terrorism. Ultimately, the course aims to highlight the benefits of holding on to our treasured Jordanian values of loyalty, belonging, citizenship, and the importance of utilizing our national resources. Prerequisites: - 14 University Elective Course Descriptions 30301130 : Foundational French Language , 1 Cr (3,0 ) By the end of this course, the student will be able to communicate in French using basic greetings, asking directions, writing short simple notes and emails, understanding simple question on familiar topics, and introducing him/herself to others. By the end of the course, the student will have attained a high -A1 level on the CEFR scale.",en,Mechanical Engineering,Mechanical_StudyPlan 1.txt,source
study_0359,study_plan,Mechanical Engineering study plan,"cing him/herself to others. By the end of the course, the student will have attained a high -A1 level on the CEFR scale. Prerequisites : - 30301131: French Language Level 1 , 1 Cr (3,0 ) By the end of this course, the student will be able to use a wide variety of verb tenses and lexical items in Italian. The student will be able to understand simple questions in questionnaires on familiar topics, recognize phrases and content words relate d to basic personal and family information, make, and accept a simple apology, and write simple sentences about personal skills. By the end of the course, the student will have attained a low -A2 level on the CEFR scale. Prerequisites : 30301130 30301232: French Language Level 2 , 1 Cr (3,0 ) By the end of this course, students can understand the main points of clear standard speech on familiar subjects in work, school, leisure activities, etc.",en,Mechanical Engineering,Mechanical_StudyPlan 1.txt,source
study_0360,study_plan,Mechanical Engineering study plan,"s can understand the main points of clear standard speech on familiar subjects in work, school, leisure activities, etc. Students will be able to conduct conversations in most situations when travelling in a region where t he language is spoken. They will be able to produce a simple and cohesive text on familiar subjects or subjects of personal interest. Students will be able to narrate an event, an experience or a dream, describe a desire or goal, and outline reasons or exp lanations behind a project or idea. Prerequisites : 30301131 30301233: French Language Level 3 , 1 Cr (3,0 ) By the end of this course, students will be able to understand the main ideas of concrete or abstract topics, including technical articles in the user’s area of expertise. They will be able to communicate with a degree of spontaneity and fluency during a conversation with a native speaker.",en,Mechanical Engineering,Mechanical_StudyPlan 1.txt,source
study_0361,study_plan,Mechanical Engineering study plan,". They will be able to communicate with a degree of spontaneity and fluency during a conversation with a native speaker. Students will be able to speak in a clear, detailed way on a number of subjects and express an opinion on current affairs, giving the advantages and disadvantages of the various options. Prerequisites : 30301232 30301140 : Foundational German Language , 1 Cr (3,0 ) By the end of this course, the student will be able to communicate in German basic greetings, asking directions, writing short simple notes and emails, understanding simple question on familiar topics, and introducing him/herself to others. By the end of the course, the student will have attained a hi gh- A1 level on the CEFR scale.",en,Mechanical Engineering,Mechanical_StudyPlan 1.txt,source
study_0362,study_plan,Mechanical Engineering study plan,"ing him/herself to others. By the end of the course, the student will have attained a hi gh- A1 level on the CEFR scale. 15 Prerequisites: - 30301141 : German Language level 1 , 1 Cr (3,0 ) By the end of this course, the student will be able to use a wide variety of verb tenses and lexical items in German. The student will be able to understand simple questions in questionnaires on familiar topics, recognize phrases and content words related to basic personal and family information, make, and accept a simple apology, and write simple sentences about personal skills. By the end of the course, the student will have attained a mid -A2 level on the CEFR scale.",en,Mechanical Engineering,Mechanical_StudyPlan 1.txt,source
study_0363,study_plan,Mechanical Engineering study plan,"ences about personal skills. By the end of the course, the student will have attained a mid -A2 level on the CEFR scale. Prerequisites: 30301140 30301150 : Foundational Spanish, 1 Cr (3,0 ) By the end of this course, the student will be able to communicate in Spanish using basic greetings, asking directions, writing short simple notes and emails, understanding simple question on familiar topics, and introducing him/herself to others. By the end of the course, the student will have attained a high -A1 level on the CEFR scale. Prerequisites: - 30301160 Foundational Turkish, 1 Cr (3,0 ) By the end of this course, the student will be able to communicate in Turkish basic greetings, asking directions, writing short simple notes and emails, understanding simple question on familiar topics, and introducing him/herself to others.",en,Mechanical Engineering,Mechanical_StudyPlan 1.txt,source
study_0364,study_plan,Mechanical Engineering study plan,"short simple notes and emails, understanding simple question on familiar topics, and introducing him/herself to others. By the end of the course, the student will have attained a high - A1 level on the CEFR scale. Prerequisites: - 30301170 : Foundational Italian, 1 Cr (3,0 ) By the end of this course, the student will be able to communicate in Italian using basic greetings, asking directions, writing short simple notes and emails, understanding simple question on familiar topics, and introducing him/herself to others. By the end of the course, the student will have attained a high -A1 level on t he CEFR scale. Prerequisites: - 30301171 : Italian Language Level 1 , 1 Cr (3,0 ) By the end of this course, the student will be able to use a wide variety of verb tenses and lexical items in Italian.",en,Mechanical Engineering,Mechanical_StudyPlan 1.txt,source
study_0365,study_plan,Mechanical Engineering study plan,") By the end of this course, the student will be able to use a wide variety of verb tenses and lexical items in Italian. The student will be able to understand simple questions in questionnaires on familiar topics, recognize phrases and content words related to basic personal and family information, make, and accept a simple apology, and write simple sentences about personal skills. By the end of the course, the studen t will have attained a low -A2 level on the CEFR scale. 16 Prerequisites: 30301170 30301180 : Chinese 1 , 1 Cr (3,0 ) This course introduces students to the standard Chinese language and is designed for students with no or minimal previous background in spoken or written Chinese. Students in this course focus on learning essential vocabulary, practicing pronunciation, and understanding simple grammatical structures.",en,Mechanical Engineering,Mechanical_StudyPlan 1.txt,source
study_0366,study_plan,Mechanical Engineering study plan,"ourse focus on learning essential vocabulary, practicing pronunciation, and understanding simple grammatical structures. This knowledge prepares students to effectively communicate in Chinese on a limited range of topics related to everyday situations. Students practice listening and speaking in real -life situations, learn to rea d and write Chinese characters, and examine how culture and language interact in China. In -class activities and course assignments aim to assist students as they develop the oral proficiency and confidence necessary to initiate simple conversations. Out -of-classroom experiences such as field trips and guided interactions with native speakers supplement formal classroom instruction and provide ample opportunities for practical engagement.",en,Mechanical Engineering,Mechanical_StudyPlan 1.txt,source
study_0367,study_plan,Mechanical Engineering study plan,"s with native speakers supplement formal classroom instruction and provide ample opportunities for practical engagement. Prerequisites : - 30301221 : Development Academic Writing , 1 Cr (3,0 ) This course develops students’ abilities in academic writing. Focus will be given to sentence structure, paragraph writing, revision, punctuation, parallelism, and cohesion. Students, in conjunction with the instructor, will decide on a topic for the culminating paper, which will be developed throughout the semester. Students will have weekly writing assignments to develop the writing features being discussed. This course is meant for students who have passed or tested out of Advanced English in the Intensive English program.",en,Mechanical Engineering,Mechanical_StudyPlan 1.txt,source
study_0368,study_plan,Mechanical Engineering study plan,"d. This course is meant for students who have passed or tested out of Advanced English in the Intensive English program. Prerequisites: 30301124, or by permission of the department 30301222 : Research and Technical Writing , 1 Cr (3,0 ) This course follows 30301220, or any student who has exempted out of English courses. Research and Technical Writing develops students’ abilities in writing persuasive and explanatory texts in several formats: emails, reports, theses, among others. Focu s will be given to establishing a clear thesis statement, developing a cohesive argument throughout the text, and creating a compelling summary. Various rhetorical devices will be discussed, such as alliteration, anaphora, hedging, hyperbole, litotes, metaphor, simile, etc.",en,Mechanical Engineering,Mechanical_StudyPlan 1.txt,source
study_0369,study_plan,Mechanical Engineering study plan,"hetorical devices will be discussed, such as alliteration, anaphora, hedging, hyperbole, litotes, metaphor, simile, etc. Students, in conjunction with the instructor, will decide on a topic for the culminating paper, which will be developed throughout the semester. Students will learn proper citation of quoted material according to APA or MLA standards. Students will have weekly writing assignments using various expository devices, such as descriptive essays, process essays, comparison essays, cause and effect essays, and problem and solution essays.",en,Mechanical Engineering,Mechanical_StudyPlan 1.txt,source
study_0370,study_plan,Mechanical Engineering study plan,"such as descriptive essays, process essays, comparison essays, cause and effect essays, and problem and solution essays. Prerequisites: 30301124, or by permission of the department 17 30302121 : Science and Society Seminar I: Arab Contributions to Science and Arts , 1 Cr (3,0 ) This seminar -based course highlights Arab contributions to science and arts since the early Mesopotamian and Phoenician civilizations with particular emphasis on contributions during the Middle Ages under Islam. Prerequisites: - 30302122 : Science & Society Seminar II: Philosophy of Science , 1 Cr (3,0 ) This course explores the effects of scientific and technological developments on various aspects of society.",en,Mechanical Engineering,Mechanical_StudyPlan 1.txt,source
study_0371,study_plan,Mechanical Engineering study plan,"1 Cr (3,0 ) This course explores the effects of scientific and technological developments on various aspects of society. It is designed to illuminate the distinctive character of science and its relevance to the challenges facing our world, including environmental con cerns, public and global policy, international competitiveness, and legal and ethical liabilities. Prerequisites: - 30302123 : Art Appreciation and Techniques , 1 Cr (3,0 ) This course affords students a basic understanding of the main elements of art. It covers context and subject and analyzes the main arguments around aesthetics. The course also presents an overview of art history as it relates to other historical, sociocultural, and political aspects. The course aims to prepare students to be critically observant and to assess different symbolic values within artwork.",en,Mechanical Engineering,Mechanical_StudyPlan 1.txt,source
study_0372,study_plan,Mechanical Engineering study plan,". The course aims to prepare students to be critically observant and to assess different symbolic values within artwork. The course is in tended to raise students’ awareness of the role of the arts and culture in their everyday lives regardless of students’ areas of concentration and to promote an appreciation for, and interest in, the arts. Prerequisites: - 30302124: Civil and Professional Culture, 1 Cr (3,0 ) This course aims to consolidate and enhance students’ knowledge of their native Jordan, the efforts of the Hashemite Kings in serving the Arab nation, its causes, and the establishment and development of the Jordanian state. It introduces students to the d evelopment of Jordanian political and constitutional life as well as to the emergence and development of Jordanian civil society.",en,Mechanical Engineering,Mechanical_StudyPlan 1.txt,source
study_0373,study_plan,Mechanical Engineering study plan,"t of Jordanian political and constitutional life as well as to the emergence and development of Jordanian civil society. This course focuses on building students’ professionalism and defining the concepts of professional work and ethics. Students will learn about legislation related to professional work as well as trade union institutions, professionalism, and labor. Prerequisites: - 30302125: Rights and Responsibilities: Understanding Human Rights , 1 Cr (3,0 ) This course aims to introduce students to the basic concept of human rights. Students will be expected to understand and internalize human rights values including tolerance, gender equality; and freedom from discrimination based on race, color, and ethnici ty. The course aims to contribute to the full development of students’ personalities by increasing their sense of dignity and appreciation for the rights of others.",en,Mechanical Engineering,Mechanical_StudyPlan 1.txt,source
study_0374,study_plan,Mechanical Engineering study plan,"l development of students’ personalities by increasing their sense of dignity and appreciation for the rights of others. Students will also cultivate a sense of responsibility to promote and defend others’ rights . Students will develop their advocacy skills by identifying key human rights issues in their local context and proposing courses of action to advance human rights. Prerequisites: - 18 30302126 : Introduction to cultural Anthropology -Focus on Urban Anthropology , 1 Cr (3,0) An introductory course in cultural anthropology with a focus on urban anthropology is an important course for students in various areas of study, since it offers them training in cross -cultural perspectives, whether on a local or global level. It is also increasingly important for students of the built environment and the local communities they work with.",en,Mechanical Engineering,Mechanical_StudyPlan 1.txt,source
study_0375,study_plan,Mechanical Engineering study plan,"level. It is also increasingly important for students of the built environment and the local communities they work with. Through looking at different anthropological case studies, from Jordan, t he region and globally, the course will consider such issues as the meaning of cu lture from an anthropological perspective and how it affects society; cultural diversity and sociocultural communication; the relationship of people to the land, their environment and their experiences of space and place; urban anthropology from a theoreti cal and historical context; changing city structures and “temporary” dwellings such as local refugee camps; ethics in social research and methods in ethnographic fieldwork; and qualitative data gathering, amongst other areas.",en,Mechanical Engineering,Mechanical_StudyPlan 1.txt,source
study_0376,study_plan,Mechanical Engineering study plan,"s; ethics in social research and methods in ethnographic fieldwork; and qualitative data gathering, amongst other areas. Prerequisites: - 30302127 : Jerusalem, History and Civilization , 1 Cr (3,0 ) This course focuses on introducing Jerusalem in terms of geography and history across the ages, and its religious and cultural importance since the Arab Islamic conquest in the period of the Rightly Guided Caliphs era and through the successive Islamic periods. Moreover, the course sheds light on the Ottoman period, and the political, civilizational and administrative realities during that period, as well as treating the genesis of the movement of Jewish migration and settlement in the latter part of the Ottoman period.",en,Mechanical Engineering,Mechanical_StudyPlan 1.txt,source
study_0377,study_plan,Mechanical Engineering study plan,"ell as treating the genesis of the movement of Jewish migration and settlement in the latter part of the Ottoman period. The course focuses on the practices of the British Mandate and its contribution to the attempts to Judaize the city, culminating with the Israeli occupation of western Jerusalem in 1948, and subsequently the Israeli occupation of East Jerusalem in 1967. Furthermore, light is shed on Israeli practices targeting the Arab identity of Jerusalem in terms of the demographic composition and holy places, and Islamic and Christian endowments. The course explains the Jordanian Hashemite efforts and its role i n defending Jerusalem and safeguarding its Arab character.",en,Mechanical Engineering,Mechanical_StudyPlan 1.txt,source
study_0378,study_plan,Mechanical Engineering study plan,"ourse explains the Jordanian Hashemite efforts and its role i n defending Jerusalem and safeguarding its Arab character. Prerequisites: - 30302128 : Jordan: History and Civilization , 1 Cr (3,0 ) Jordan: History and Civilization course is concerned with introducing Jordan's history, sheds light on Jordan's geography, topography, climate, and natural resources, and is interested in studying Jordan's prehistoric history and ancient historical times. To examine Jordan's position and role in successive Islamic times.",en,Mechanical Engineering,Mechanical_StudyPlan 1.txt,source
study_0379,study_plan,Mechanical Engineering study plan,"n's prehistoric history and ancient historical times. To examine Jordan's position and role in successive Islamic times. The course also highlights Jordan's administrative, economic, and social conditions during the Ottoman period 1516 -1918, and is interested in studying Jordan's circumstances and conditions during the first world war of 1914 -1918, the establishment of the Emirate of Eastern Jordan in 1921, and the most prominent political, economic, and social developments occurred in Jordan during the emirate in 1921 -1946. It explained the importance of the achievements took place in Jordan during the reign of the Hashemite kings Talal bin Abdullah and Hussein bin Talal from 1951 to 1999.",en,Mechanical Engineering,Mechanical_StudyPlan 1.txt,source
study_0380,study_plan,Mechanical Engineering study plan,"took place in Jordan during the reign of the Hashemite kings Talal bin Abdullah and Hussein bin Talal from 1951 to 1999. To study the origins and development of Jordanian constitutional authorities (executive, legislative and judicial), and Jo rdanian educational, economic, social, military and security institutions. Introducing Jordan's role in the Palestinian cause, the Jordanian -Palestinian unity phase 1950 -1988, and Jordan's sacrifices in the Arab Israeli wars and their consequences and effe cts on it. It examined 19 King Abdullah II's efforts in building and modernizing the Hashemite Kingdom of Jordan from 1999 to 2021. Assess the Jordanian state's march in its centenary, and a future look. Prerequisites: - 30302133: Principles of Management , 1 Cr (3,0) This course introduces students to the management process of a business organization.",en,Mechanical Engineering,Mechanical_StudyPlan 1.txt,source
study_0381,study_plan,Mechanical Engineering study plan,"nciples of Management , 1 Cr (3,0) This course introduces students to the management process of a business organization. The course emphasizes basic concepts and functions of management by examining the processes of planning, organizing, leading, and controlling. Students will develop the skills and tools required to work with people and resources to achieve organizational goals. Stude nts will also develop their strategic management and decision -making capacities. Prerequisites: - 30302134 : Strategies for Industry Competitiveness: Tools & Techniques , 1 Cr (3,0 ) This course covers the role of policy in industry competitiveness. The course examines firm strategies, cluster vitality, and the quality of the business environment in which competition takes place, all of which can determine a nation’s productivity.",en,Mechanical Engineering,Mechanical_StudyPlan 1.txt,source
study_0382,study_plan,Mechanical Engineering study plan,"uality of the business environment in which competition takes place, all of which can determine a nation’s productivity. Prerequisites: - 30302135 : Principles of Accounting , 1 Cr (3,0 ) This course provides students with the basic accounting principles, concepts, and terminology. Students will become familiar with the basic financial statement analysis. Students will be able to understand and apply the basic elements of financial accounti ng information such as assets, liabilities, revenue, and expenses. Students will be able to understand and interpret income statement, balance sheet, and cash flow statement. Prerequisites: - 30302136 : Principles of Economics , 1 Cr (3,0 ) This course covers the basic concepts of both microeconomics and macroeconomics.",en,Mechanical Engineering,Mechanical_StudyPlan 1.txt,source
study_0383,study_plan,Mechanical Engineering study plan,": Principles of Economics , 1 Cr (3,0 ) This course covers the basic concepts of both microeconomics and macroeconomics. The first part of the course looks at resource allocation under scarcity, supply and demand analysis, and the theory behind consumer behavior. The course further examines prod uction decisions taken by firms under different types of market structure such as perfect competition, oligopoly, and monopoly. The second part of the course examines the wider economic phenomena and introduces the basic principles of the aggregate economy , such as determinates of national product, inflation, unemployment, and fiscal and monetary policy. Prerequisites: - 30302237 : Free Choice Elective, 1 Cr (3,0 ) The free choice elective is designed to offer students the opportunity to explore a subject of interest under the supervision of a faculty member.",en,Mechanical Engineering,Mechanical_StudyPlan 1.txt,source
study_0384,study_plan,Mechanical Engineering study plan,"s designed to offer students the opportunity to explore a subject of interest under the supervision of a faculty member. The course may include coursework offered by online platforms (i.e. HTUx, Coursera), directed readings, appli ed projects, independent research projects, or other appropriate activities. 20 Prerequisites: - 40302233 : Business Analytics , 1 Cr (3,0 ) The Business Analytics course provides students with the tools they need to put data to work; how to set up experiments, how to collect data, how to learn from data and make decisions to how to navigate the organizational, legal, and ethical issues involved in data -based decision making. The course teaches widely used frameworks of business analytics: biases, experimentation, descriptive analytics, prescriptive analytics, predictive analytics.",en,Mechanical Engineering,Mechanical_StudyPlan 1.txt,source
study_0385,study_plan,Mechanical Engineering study plan,"rks of business analytics: biases, experimentation, descriptive analytics, prescriptive analytics, predictive analytics. St udents then implement the frameworks they have learned through assignments . The course includes case studies and examples from Google, Netflix, and others . The assignments and cases focus on interpreting the results of analysis and taking decisions based o n those analysis. The course does not require coding. Prerequisites: - 40302221 : Speech and Debate , 1 Cr (3,0 ) The Speech and Debate course aims to provide students with linguistic and basic debate skills in Arabic.",en,Mechanical Engineering,Mechanical_StudyPlan 1.txt,source
study_0386,study_plan,Mechanical Engineering study plan,"e , 1 Cr (3,0 ) The Speech and Debate course aims to provide students with linguistic and basic debate skills in Arabic. This course aims to improve the student's level of Arabic grammar as well as his vocabulary, linguistic structures, and linguistic style so that he can address political, social, and ethical issues through scientific debates and discourses presented in the classroom, by familiarizing him with unique and authentic models of ancient and modern discourses so that he can understand them. And walk according t o the structure of his own speech. The course is also designed to teach students research skills, independent and collaborative learning, logical argumentation, problem -solving skills through critical and creative thinking, organizing ideas, presentation s kills, and confidence.",en,Mechanical Engineering,Mechanical_StudyPlan 1.txt,source
study_0387,study_plan,Mechanical Engineering study plan,"problem -solving skills through critical and creative thinking, organizing ideas, presentation s kills, and confidence. The course contains theoretical sections that describe debate, public speaking, and other historical and contemporary speech forms. Examples include debating forms, speaker roles and arguments, developing team positions, intervention s, and response speeches based on active learning techniques focused on discussion, working groups, and communication. Prerequisites: - 30301223 : Introduction to Translation , 1 Cr (3,0 ) This course is aimed at beginners who would like to improve their translation skills in translating from Arabic to English and vice versa. This is a highly practical course whereby students will translate excerpts from technical, scientific, literary, and media texts.",en,Mechanical Engineering,Mechanical_StudyPlan 1.txt,source
study_0388,study_plan,Mechanical Engineering study plan,"highly practical course whereby students will translate excerpts from technical, scientific, literary, and media texts. Students will learn the most effective translation practices guided by theoretical knowledge in the field, so that they produce high quality work and learn how to critically evaluate translations. They will also learn how to search for informa tion from a variety of available resources and develop an awareness of linguistic and cultural differences, and the multiple levels of meanings and contexts. By the end of the course, students will have learned different translation strategies and methods and will be able to tackle source texts with competence, translating them professionally and critiquing their own and others’ work. Students will be assessed on their practical application of what we learned in class and on their ability to evaluate and cr itique translations.",en,Mechanical Engineering,Mechanical_StudyPlan 1.txt,source
study_0389,study_plan,Mechanical Engineering study plan,"on their practical application of what we learned in class and on their ability to evaluate and cr itique translations. 21 Prerequisites: 30301124, or by permission of the department School Requirements Course Descriptions 30303110 : Remedial Math , 2 Cr (2,0 ) This course serves as an introductory course designed specifically for students that lack a foundational knowledge in mathematics required to pursue a post high school degree (HNC, HND, or Bachelor’s). This course revisits topics typically covered in high school for students that failed to pass the mathematics placement test upon the admission pr ocess. The topics included in this unit are numbers, algebra and functions, geometry, and vectors. (Exempted if Math placement test (1) score ≥60%).",en,Mechanical Engineering,Mechanical_StudyPlan 1.txt,source
study_0390,study_plan,Mechanical Engineering study plan,"n this unit are numbers, algebra and functions, geometry, and vectors. (Exempted if Math placement test (1) score ≥60%). Prerequisites: Placement test 30303111 : Functional Math , 3 Cr (3,0 ) This course introduces a transitional stage for the study of subsequent mathematics subjects in other schools. Among the topics included in this unit are algebra, functions and graphs, differentiation, integration, and matrices. It strengthens the problem formulation skills, i.e., the ability to translate real application problems into a series of mathematical processes. (Exempted if Math placement test (2) score ≥80%).",en,Mechanical Engineering,Mechanical_StudyPlan 1.txt,source
study_0391,study_plan,Mechanical Engineering study plan,"ate real application problems into a series of mathematical processes. (Exempted if Math placement test (2) score ≥80%). Prerequisites: 30303110 30303112 : Functional Physics , 3 Cr (3,0 ) This course demonstrates understanding and application of essential physics topics such as: Physics and measurements, motion in one dimension, vectors, motion in two dimensions, the laws of motion, forces and motion, applications of Newton’s laws (projecti le, angular velocity, etc.), energy of a system, static equilibrium, and electricity. Prerequisites: - 40303130 : Fundamentals of Computing , 4 Cr (3,3 ) This course provides a comprehensive route to developing an in -depth exposure to personal computers, hardware, a range of operating systems, and in -depth programming in C.",en,Mechanical Engineering,Mechanical_StudyPlan 1.txt,source
study_0392,study_plan,Mechanical Engineering study plan,"ing an in -depth exposure to personal computers, hardware, a range of operating systems, and in -depth programming in C. Students learn the functionality of various hardware and software components and bes t practices in maintenance and safety issues as well as programming in C, including variables, operations, functions, structures, and pointers. Prerequisites: - 22 00101100 : Introduction to Engineering Drawing , 1 Cr (0,3 ) This course provides the fundamentals of engineering graphics and drawing. Among the topics covered are drawing of orthographic, isometric and auxiliary projections, sectioning, dimensioning, scaling, documentation. Students learn and use the interface, structure, and commands of the latest version of computer -aided design (CAD) software .",en,Mechanical Engineering,Mechanical_StudyPlan 1.txt,source
study_0393,study_plan,Mechanical Engineering study plan,"ts learn and use the interface, structure, and commands of the latest version of computer -aided design (CAD) software . Prerequisites: - 00103101 : STEM Lab I , 1 Cr (0,3 ) This course develops the basic skills in the fields of science, technology, engineering, and mathematics through a set of practical experiments, covering mechanical, electrical, electronics, automation, mechanics of materials, robotics, computer applicatio ns, and process control. Prerequisites: - 00102102 : STEM Lab II , 1 Cr (0,3 ) This course provides students with a modern hands -on technical perspective of STEM education as they are applied in professional settings .",en,Mechanical Engineering,Mechanical_StudyPlan 1.txt,source
study_0394,study_plan,Mechanical Engineering study plan,"students with a modern hands -on technical perspective of STEM education as they are applied in professional settings . The lab is equipped with state -of-the-art educational technologies in fields related but not limited to electromechanical systems , robotics , pneumatic systems , automation , image processing , sensor installation and calibration , and material manufacturing processes. Prerequisites: 00103 101 00101103 : Workshop I , 2 Cr (0,6 ) This course develops the following basic skills: Hand filing, turning, welding, piping and plumbing, carpentry, brick laying, constructional works, surveying measurements, sheet metal fabrication, household electric circuits, and installation of simple computer networks.",en,Mechanical Engineering,Mechanical_StudyPlan 1.txt,source
study_0395,study_plan,Mechanical Engineering study plan,"veying measurements, sheet metal fabrication, household electric circuits, and installation of simple computer networks. Prerequisites: - 00101104 : Workshop II , 1 Cr (0,3 ) This course covers hands on training on manual and electric driven tools, electric arc welding, spot welding , resistance welding, sand casting, sheet metal forming, longitudinal lathing, longitudinal and inclined turning, and metal milling. Prerequisites: 00101103 00103110 : Engineering Math, 4 Cr (3,3 ) This course aims to develop students’ skills in the mathematical principles and theories that are directly applicable to the engineering industry. Students will be introduced to mathematical methods and statistical techniques that enable them to analyze an d solve problems within an engineering context.",en,Mechanical Engineering,Mechanical_StudyPlan 1.txt,source
study_0396,study_plan,Mechanical Engineering study plan,"atical methods and statistical techniques that enable them to analyze an d solve problems within an engineering context. Among the topics included in this course are: Arithmetic and geometric progressions; exponential, logarithmic, circular, and hyperbolic functions; mean and standard deviation of grouped data, linear regressio n; Binomial and normal distributions; sine waves and their applications, 23 trigonometric and hyperbolic identities; vector functions; and the use of differential and integral calculus in solving engineering problems. Prerequisites: 30303111 00102111 : Engineering Science , 4 Cr (3,3 ) This course introduces the fundamental laws and applications of the physical sciences within engineering and how to apply this knowledge to find solutions to a variety of engineering problems.",en,Mechanical Engineering,Mechanical_StudyPlan 1.txt,source
study_0397,study_plan,Mechanical Engineering study plan,"ical sciences within engineering and how to apply this knowledge to find solutions to a variety of engineering problems. Among the topics included in this course are international system of units, interpreting data, static and dynamic forces, fluid mechanics and thermodynamics, material properties and failure, and A.C./D.C. circuit theories. Prerequisites: 30303112 00101112 : Engineering Design , 4 Cr (3,3 ) This course introduce s the methodical steps that engineers use in creating functional products and processes; from a design brief to the work, and the stages involved in identifying and justifying a solution to a given engineering need.",en,Mechanical Engineering,Mechanical_StudyPlan 1.txt,source
study_0398,study_plan,Mechanical Engineering study plan,"design brief to the work, and the stages involved in identifying and justifying a solution to a given engineering need. Among the topics included in this course are Gantt charts and critical path analysis, stakeholder requirements, market analysis, design process management, modelling and prototyping, manufacturability, reliability life cycle, safety and risk, management, calculations, drawings and concepts and ergonomics. Prerequisites: 00101100 00102220 : Managing A Professional Engineering Project , 4 Cr (3,3 ) This course introduces students to the techniques and best practices required to successfully create and manage an engineering project designed to identify a solution to an engineering need.",en,Mechanical Engineering,Mechanical_StudyPlan 1.txt,source
study_0399,study_plan,Mechanical Engineering study plan,"equired to successfully create and manage an engineering project designed to identify a solution to an engineering need. Among the topics covered in this course are roles, responsibilities and behaviors of a professional engineer, planning a project, project management stages, devising solutions, theories and calculations, management using a Gantt chart, evaluation techniques, communication skills, and the creation and presentation of a project repo rt. Prerequisites : 00101112 00103375: Introduction to Artificial Intelligence and Data Science , 3 Cr (2,3 ) This course gives an introduction to Artificial Intelligence and Data Science. It provides an overview of AI development history, explains AI ethics, and discusses future trends. The course reviews basic math concepts in Calculus, Linear Algebra, and Proba bility Theory.",en,Mechanical Engineering,Mechanical_StudyPlan 1.txt,source
study_0400,study_plan,Mechanical Engineering study plan,"nd discusses future trends. The course reviews basic math concepts in Calculus, Linear Algebra, and Proba bility Theory. The math exposure will be limited, and only essential concepts will be discussed. The course will introduce the following topics: Data Visualization, Data Pre -Processing, Missing Data, Normalization and Standardization, Log Transformation, C ross and Auto Correlation, Linear and Nonlinear Regression, Clustering and Classification, Machine Learning, Artificial Neural Networks, Deep Learning, Supervised and Unsupervised learning. Different examples and case studies will be provided and discussed . The course will introduce Python with its most popular packages (NumPy, Pandas, Matplotlib, Scikit -learn, and 24 TensorFlow) and introduce available platform environments.",en,Mechanical Engineering,Mechanical_StudyPlan 1.txt,source
study_0401,study_plan,Mechanical Engineering study plan,"ar packages (NumPy, Pandas, Matplotlib, Scikit -learn, and 24 TensorFlow) and introduce available platform environments. This is a hands -on and project -based course and will include a laboratory that will enhance the students’ coding skills. Prerequisites: 40303130 & 00103110 Program Requirements Course Descriptions 00101230 : Mechanical Principles , 4 Cr (3,3 ) This course introduce s the essential mechanical principles associated with engineering applications. Among the t opics covered in this course are behavioral characteristics of static, dynamic and oscillating engineering systems including shear forces, bending moments, torsion, linear and angular acceleration, conservation of energy and vibrating systems, movement and transfer of energy by considering parameters of mechanical power transmission systems.",en,Mechanical Engineering,Mechanical_StudyPlan 1.txt,source
study_0402,study_plan,Mechanical Engineering study plan,"d vibrating systems, movement and transfer of energy by considering parameters of mechanical power transmission systems. Prerequisites: 00102111 00101240 : Fundamentals of Thermodynamics and Heat Engines , 4 Cr (3,3 ) This course introduces the principles and concepts of thermodynamics and its application in modern engineering. Among the topics included are Forms of energy and basic definitions, properties of pure substances, first law of thermodynamics, polytrophic processes, application of steady flow energy equation to plant equipment, principles of heat transfer, application of the second law of thermodynamics and efficienc y improvements of heat engines.",en,Mechanical Engineering,Mechanical_StudyPlan 1.txt,source
study_0403,study_plan,Mechanical Engineering study plan,"inciples of heat transfer, application of the second law of thermodynamics and efficienc y improvements of heat engines. Prerequisites: 00102111 00101260 : Materials, Properties and Testing , 4 Cr (3,3 ) This course introduces the atomic structure of materials and the way it affects the properties, physical nature and performance characteristics of common manufacturing materials. Among topics covered in this course are Material categories (metallic, ceramic, polymer and composites), Atomic structure, electrostatic covalent and ionic bonding, material selection, physical, mechanical, electrical and thermal properties, heat treatment and mechanical processes, Destructive and non -destructive testing, and cause s of in -service material failure .",en,Mechanical Engineering,Mechanical_StudyPlan 1.txt,source
study_0404,study_plan,Mechanical Engineering study plan,"atment and mechanical processes, Destructive and non -destructive testing, and cause s of in -service material failure . Prerequisites: 00102111 00101241 : Fluid Mechanics , 4 Cr (3,3 ) This course introduces fluid mechanics principles used in mechanical engineering applications . Among topics included in this course are pressure and force, submerged surfaces, fluid flow theory, continuity equation, energy equation, aerodynamics, and hydraulic machinery, characteristics of Newtonian and non- Newtonian fluids, losses in pipes and conduits, operating principles of various water turbines and pumps. Prerequisites: 00102111 25 00101490: Research Project for Mechanical Engineering , 4 Cr (2,6) This course introduces the skills necessary to deliver a complex, independently conducted, research project that fits within a mechanical engineering context.",en,Mechanical Engineering,Mechanical_StudyPlan 1.txt,source
study_0405,study_plan,Mechanical Engineering study plan,"ssary to deliver a complex, independently conducted, research project that fits within a mechanical engineering context. Topics included in this course are: Finding a research problem, project proposal, selection of project approach, literature review, data analysis and interpreting findings, proj ect management and key milestones, reporting the research, project oral presentation, and research publication methods. Prerequisites: > 90 Cr 00101332 : Advanced Mechanical Principles , 4 Cr (3,3 ) This course aims to continue covering the topics discussed in the Mechanical Principles course . It provide s students with advanced knowledge of the mechanical theories associated with engineering applications.",en,Mechanical Engineering,Mechanical_StudyPlan 1.txt,source
study_0406,study_plan,Mechanical Engineering study plan,"rse . It provide s students with advanced knowledge of the mechanical theories associated with engineering applications. Among the t opics included in this course are: Poisson’s Ratio and typical values of common materials , the relationship between the elastic constants such as Bulk Modulus, Modulus of Elasticity, Modulus of Rigidi ty, the relationship between bending moment, slope and deflection in beams, calculating the slope and defle ction for loaded beams using Macaulay’s method, analyzing the stresses in thin -walled pressure vessels , and stresses in thick -walled cylinders, flat and v -section belt drive theory. Prerequisites: 00101230 00101351 : Virtual Engineering , 4 Cr (3,3 ) This course introduces the application of relevant Computer Aided Design (CAD) and analysis engineering tools in contemporary engineering.",en,Mechanical Engineering,Mechanical_StudyPlan 1.txt,source
study_0407,study_plan,Mechanical Engineering study plan,"uces the application of relevant Computer Aided Design (CAD) and analysis engineering tools in contemporary engineering. Topics included in this course are dimensioning and tolerances, standardization and regulatory compliance (BS, ASTM, ISO, etc.), material properties and selection, manufacturing processes, 2D, 3D, CAD, solid modelling, one -dimensional and multidimensional problems, meshing and boundary conditions, finite volume method, and computational fl uid dynamics (CFD) simulations. Prerequisites: 00101332 00101343 : Further Thermodynamics , 4 Cr (3,3 ) The aim of this course is to build on the techniques explored in Fundamentals of Thermodynamics and Heat Engines course, to develop further students’ skills in applied thermodynamics by investigating the relationships between theory and practice.",en,Mechanical Engineering,Mechanical_StudyPlan 1.txt,source
study_0408,study_plan,Mechanical Engineering study plan,"velop further students’ skills in applied thermodynamics by investigating the relationships between theory and practice. Among the topics included in this unit are irreversibility, heat pumps and refrigeration, performance of air compressors, Rankine cycle and steam power plant s, Brayton cycle and gas turbine power plants . Prerequisites: 00101240 00101362 : Advanced Manufacturing Technology , 4 Cr (3,3 ) The aim of this course is to introduce the importance of advanced manufacturing technologies and highlight the integration between manufacturing technology, high performance computing, the internet, and the product at all stages of its life cycle.",en,Mechanical Engineering,Mechanical_StudyPlan 1.txt,source
study_0409,study_plan,Mechanical Engineering study plan,"een manufacturing technology, high performance computing, the internet, and the product at all stages of its life cycle. Among the topics included in this course are: Advanced manufacturing processes (e.g., 3d printing, rapid prototyping, replacing forming, molding 26 and pressing) , Improvement in productivity through automation, industry 4.0 ( Internet of Things, Cyber -physical systems, Mass customization, Big data and digitalization) Prerequisites: 00101361 00102321 : Professional Engineering Management , 4 Cr (3,3 ) This course aims to continue building up on the knowledge gained by Managing a Professional Engineering Project course , to provide students with the professional standards for engineers and to guide them on how to develop the range of employability skills needed by professional engineers.",en,Mechanical Engineering,Mechanical_StudyPlan 1.txt,source
study_0410,study_plan,Mechanical Engineering study plan,"ds for engineers and to guide them on how to develop the range of employability skills needed by professional engineers. Among the topics included in this course are engineering strategy and services delivery planning, the role of sustainability, Total Quality Management (TQM), engineering management tools, managing people and becoming a professional engine er. Prerequisites: 00102220 00103213 : Further Mathematics , 4 Cr (3,3 ) This course introduces additional mathematical topics to students, advancing their knowledge of the underpinning mathematics gained in the Engineering Mathematics course. The purpose of this course is to prepare students to analyze and model engineering situations using mathematical techniques.",en,Mechanical Engineering,Mechanical_StudyPlan 1.txt,source
study_0411,study_plan,Mechanical Engineering study plan,"purpose of this course is to prepare students to analyze and model engineering situations using mathematical techniques. Among the topics included in this course are Number theory, complex numbers, matrix theory, linear equations, numerical integration, an d graphical representations of curves for estimation within an engineering context. Furthermore, this course expands students’ knowledge of calculus to discover how to model and solve engineering problems using first and second order differential equations . Prerequisites: 00103110 00101557 : Machine Design , 3 Cr (2,3) This course covers the design and application of machine components, including topics such as the design process, stress and deformation analysis, material properties, failure theories, mechanisms analysis, and element design .",en,Mechanical Engineering,Mechanical_StudyPlan 1.txt,source
study_0412,study_plan,Mechanical Engineering study plan,"ocess, stress and deformation analysis, material properties, failure theories, mechanisms analysis, and element design . The course also focuses on the design of mechanical components, including the design of various elements such as bearings and gears . Prerequisites: 00101230 00101552 : Modelling and Simulation for Engineers, 3 Cr (2,3 ) This course enables the students to create a concept, design or hypothesis and test it in real world conditions. Among topics covered in this course are: Basic model forms, basic simulation approaches, numerical techniques, discrete versus continuous modelling, dynamical, finite state, and complex model simulations, graphical and mathematical modeling, virtual reality simulations, use of MATLAB /Simulink and other software packages to model a dynamic engineering system , and computing concepts for applicatio ns in Mechanical Engineering .",en,Mechanical Engineering,Mechanical_StudyPlan 1.txt,source
study_0413,study_plan,Mechanical Engineering study plan,"re packages to model a dynamic engineering system , and computing concepts for applicatio ns in Mechanical Engineering . Prerequisites: 00101351 27 00101361 : Manufacturing Processes , 3 Cr (2,3 ) This course introduces the students to the techniques and capabilities of different manufacturing processes for metals and polymers . Fundamental topics include Manufacturing processes ( cutting, casting, forming, machining, joining, finishing, assembly, additive manufacturing etc.), dimensional measurements, quality engineering, design for manufacturing, production planning . Prerequisites: 00101260 00101 345: Heating, Ventilation and Air Conditioning (HVAC) , 3 Cr (2,3 ) This course introduce s the most important HVAC systems and their supporting elements, and the underpinning science that is currently used in many different buildings around the world.",en,Mechanical Engineering,Mechanical_StudyPlan 1.txt,source
study_0414,study_plan,Mechanical Engineering study plan,"r supporting elements, and the underpinning science that is currently used in many different buildings around the world. Among topics included in this course are: ventilation rates, systems, legislation, strategies and associated equipment, air conditioning systems, cooling loads, psychometric principles and processes, heating systems, fuels, combustion processes, boiler efficiency calculations and Building Management Systems (BMS). Prerequisites: 00101343 00101 442: Heat and Mass Transfer , 3 Cr (2,3 ) The course introduces the governing laws and applications of heat and mass transfer. Among the topics included in this course are Principles of heat transfer, heat transfer types (conduction, convection, radiation) , steady state and transient heat transfer, heat exchangers, heat pumps, combustion, mass transfer (Diffusion process, Fick’s law, concept of permeability).",en,Mechanical Engineering,Mechanical_StudyPlan 1.txt,source
study_0415,study_plan,Mechanical Engineering study plan,"ansfer, heat exchangers, heat pumps, combustion, mass transfer (Diffusion process, Fick’s law, concept of permeability). Prerequisites: 00101240 00103250 : Instrumentation and Control Systems, 4 Cr (3,3 ) This course discusses the main components of instrumentation and measurements systems including various types of sensing elements (such as: displacement, speed, pressure, temperature and strain), variable conditioning and signal processing techniques, in addition to signal representation methods. The course also introduces the concepts and terminology of control syst ems, such as: open and closed loop systems, discrete and analogue systems, and focuses on process controllers. Proportional - Integral -Differential (PID) controllers are investigated in detail according to their mathematical models.",en,Mechanical Engineering,Mechanical_StudyPlan 1.txt,source
study_0416,study_plan,Mechanical Engineering study plan,"oportional - Integral -Differential (PID) controllers are investigated in detail according to their mathematical models. Multiple practical experi ments and simulations exercises are conducted throughout the course demonstrating conventional instrumentation circuits. Prerequisites: 00103230 00101231 : Dynamics and Vibrations , 2 Cr (2,0 ) This course introduces the essential aspects of dynamics and vibrations, it develops the knowledge and skills for solving problems related to machines and structures. Among the topics covered in this course are T heory of Newtonian mechanics appli ed to the analysis of rigid bodies with ordinary differential equations, dynamics and vibrations of linear single - and multi -degree of freedom systems of particles and rigid bodies, and use of MATLAB to solve equations and optimize engineering designs .",en,Mechanical Engineering,Mechanical_StudyPlan 1.txt,source
study_0417,study_plan,Mechanical Engineering study plan,"f freedom systems of particles and rigid bodies, and use of MATLAB to solve equations and optimize engineering designs . 28 Prerequisites: 00101230 00103230 : Electrical and Electronic Principles , 4 Cr (3,3 ) This course provides students with a good and wide -ranging grasp of the fundamental principles of electrical and electronic circuits and devices. Topics included in this course are: Analysis of simple circuits with constant voltages and currents, using cir cuit laws, Kirchhoff’s and Thevenin’s laws, and the superposition principle; analysis of simple circuits with sinusoidal voltages and currents; basis of semiconductor action, and its applications to simple electronic devices, such as junction diode, Zener diode, light emitting diode, bipolar transistor, junction field effect transistor (FET), and metal oxide semiconductor FET (MOSFET); difference between analogue and digital ele",en,Mechanical Engineering,Mechanical_StudyPlan 1.txt,source
study_0418,study_plan,Mechanical Engineering study plan,"n field effect transistor (FET), and metal oxide semiconductor FET (MOSFET); difference between analogue and digital electronics, and simple applications of each. Prerequisites: 00102111 00101205 : Advanced Workshop for Mechanical Engineering , 1 Cr (0,3 ) This lab develops the basic skills of a dvanced welding (MIG, TIG, and Oxyacetylene), milling and machining of a complex part, using CNC machine, assembling, and dismantling of an internal combustion engine . Prerequisites: 00101 104 00102523 : Health, Safety and Environment , 1 Cr (1,0) The course aims to qualify the student for international certification in health and safety and environmental awareness at work.",en,Mechanical Engineering,Mechanical_StudyPlan 1.txt,source
study_0419,study_plan,Mechanical Engineering study plan,"se aims to qualify the student for international certification in health and safety and environmental awareness at work. Topics covered include Fundamentals of health and safety, the responsibility for health and safety, risk assessment and control, work equipment, transport safety, working with electricity, fire safety, manual handling, repetitive activity, hazardous substances, practical risk assessment planning activity, environmental awareness, pollution impact assessment, dealing with emergencies. Prerequisites: 00102321 00101594: Capstone Project for Mechanical Engineering , 1 Cr (1, 3) 00101598: Capstone Project for Mechanical Engineering Continuation , 2 Cr (1,6) This course focuses on how to choose and refine a capstone project based on feedback from faculty, peers and partner organizations.",en,Mechanical Engineering,Mechanical_StudyPlan 1.txt,source
study_0420,study_plan,Mechanical Engineering study plan,"focuses on how to choose and refine a capstone project based on feedback from faculty, peers and partner organizations. It introduces technical methods for analyzing, designing, prototyping, synthesizing, troubleshooting, and testing a project relevant to mechanical engineering. The students practice project documentation, formal design review presentations, oral defense of the project, and writing a final report. Prerequisites: 00101490 29 Program Electives Course Descriptions 00101533 : Pneumatics and Hydraulic Systems, 3 Cr (2,3 ) This course provides the student with different theories, components, and applications of hydraulic and pneumatic systems. Among the topics included are pneumatic characteristics and applications, air generation, treatments and distribution, pneumatic actuators, system design and development.",en,Mechanical Engineering,Mechanical_StudyPlan 1.txt,source
study_0421,study_plan,Mechanical Engineering study plan,"stics and applications, air generation, treatments and distribution, pneumatic actuators, system design and development. Hydraulic generation treatments and distribution, characteristics, system design and development and actuators. Prerequisites: 00101241 00101563 : Digital and Additive Manufacturing , 3 Cr (2,3 ) This course introduces the students to digital and additive manufacturing and the processes to convert computer aided design (CAD) model directly into a physical object. Among the topics included are: 3d modelling, e xtrusion, jetting, photo polymerization, powder bed fusion, direct -write, sheet lamination, mold -making, sintering, directed -energy deposition and the latest state of the art processes.",en,Mechanical Engineering,Mechanical_StudyPlan 1.txt,source
study_0422,study_plan,Mechanical Engineering study plan,"write, sheet lamination, mold -making, sintering, directed -energy deposition and the latest state of the art processes. Data sources (software tools, file formats, model repair and validatio n, post -processing), design for additive manufacturing (D FAM), and applications and limitations of additive manufacturing . Prerequisites: 00101361 00101564 : Advanced Materials , 3 Cr (2,3 ) This course introduces smart materials and structures and its wide range of applications. It explores the different types of these materials such as: shape memory alloys, self -healing materials, piezoelectric materials, smart polymers, high temperature materials, s uper alloys and others. The course covers the structure, design, processing and application of advanced materials.",en,Mechanical Engineering,Mechanical_StudyPlan 1.txt,source
study_0423,study_plan,Mechanical Engineering study plan,"ls, s uper alloys and others. The course covers the structure, design, processing and application of advanced materials. Prerequisites: 00101260 0010153 5: Mechatronic s, 3 Cr (2,3 ) This course introduces a general overview of mechatronic systems in terms of user requirements, concept design, detailed design and component selection, as well as the additional issues of troubleshooting, maintenance and documentation. Specific components that are studied include: sensors/transducers, actuators and motors, controllers (physical controllers such as PLC and microcontrollers; co ntrol algorithms such as on/off controllers and PID controllers), as well as the plant that is to be controlled, especially mechanical plants.",en,Mechanical Engineering,Mechanical_StudyPlan 1.txt,source
study_0424,study_plan,Mechanical Engineering study plan,"as on/off controllers and PID controllers), as well as the plant that is to be controlled, especially mechanical plants. Prerequisites: 00103230 00102522 : Maintenance Engineering , 3 Cr (3,0 ) This course introduces the concepts of Reliability, maintainability, availability, and safety of products and systems, with practical applications and case studies. Topics covered include Building and analyzing reliability models using block diagrams, Faul t Tree Analysis (FTA), Failure Mode & Effect 30 Analysis (FMEA), concepts and methods of maintenance planning and management with a focus on corrective and preventive maintenance, cost estimation and scheduling of maintenance activities, forecasting of spare parts needed for equipment maintenance, inven tory control models, introduction to computerized maintenance management systems.",en,Mechanical Engineering,Mechanical_StudyPlan 1.txt,source
study_0425,study_plan,Mechanical Engineering study plan,"eeded for equipment maintenance, inven tory control models, introduction to computerized maintenance management systems. Prerequisites: 00102321 00101544 : Advanced Heat and Mass Transfer , 3 Cr (2,3 ) The aim of this course is to build on the techniques explored in Heat and Mass Transfer. Among the topics included in this course are transient and multi -dimensional heat conduction, diffusive heat and mass transfer, Radiation heat transfer, boiling and condensation, mass transfer in turbulent flows, heat transfer at high speeds, des ign of thermal engineering systems. Prerequisites: 00101242 00101565 : Composite Materials , 3 Cr (2,3 ) This course develops a solid understanding of the properties and application of composite materials .",en,Mechanical Engineering,Mechanical_StudyPlan 1.txt,source
study_0426,study_plan,Mechanical Engineering study plan,"ials , 3 Cr (2,3 ) This course develops a solid understanding of the properties and application of composite materials . Among topics included in this course are: Composite types, material constituents and their properties, mechanics of composites, design of composite structure, manufacturing methods and processes, analysis of laminated composites, failure mechanisms , and characterization and application of composite materials. Prerequisites: 00101260 0010153 4: Robotic Systems in Engineering , 3 Cr (2,3 ) This course explores a wide range of robotic systems used in different engineering applications.",en,Mechanical Engineering,Mechanical_StudyPlan 1.txt,source
study_0427,study_plan,Mechanical Engineering study plan,"gineering , 3 Cr (2,3 ) This course explores a wide range of robotic systems used in different engineering applications. Topics covered in this course are T heory related to robotic systems (kinematics, dynamics, localization, navigation and mapping ), sensor and actuator technologies for industrial robots , mobile and service robots , technologies for data integration and control , machine learning, design industrial robots, robotic programming, robotic systems for embedded production systems and automation . Prerequisites: 00103230 00102340 : Renewable Energy Systems and Technologies , 3 Cr (2,3 ) This course introduces students to renewable energy resources and technologies, including the assessment of the benefits and limitations of each of them.",en,Mechanical Engineering,Mechanical_StudyPlan 1.txt,source
study_0428,study_plan,Mechanical Engineering study plan,"o renewable energy resources and technologies, including the assessment of the benefits and limitations of each of them. Topics covered include Renewable energy resource assessment, wind energy, solar thermal energy systems, solar photovoltaic systems, hydropower, geothermal energy systems, wave energy , biogas and biofuels, grid integration, legislative frameworks, economics of renewable energy. Prerequisites: 00102111 31 00102542 : Solar Thermal Systems , 3 Cr (2,3 ) This course aims to qualify the student to design and analyze a variety of solar thermal systems taking into consideration theoretical and practical aspects.",en,Mechanical Engineering,Mechanical_StudyPlan 1.txt,source
study_0429,study_plan,Mechanical Engineering study plan,"nt to design and analyze a variety of solar thermal systems taking into consideration theoretical and practical aspects. Topics covered include Properties of solar radiation, materials and thermal fluids, types of solar thermal systems, specifications of solar collectors, perform ance characteristics, solar water storage tanks, solar control units, circulation systems, codes and standards, solar thermal power plants, industrial solar systems, solar cooling applications, swimming pool heating applications, solar desalination applica tions. Prerequisites: 00101242 00101546 : Advances in Heating, Ventilation and Air Conditioning , 3 Cr (2,3 ) This course introduce s advanced topics in Heating, Ventilation and Air -conditioning Design & Installation. It focuses on the application and design techniques used to satisfy large and complex commercial buildings’ requirements.",en,Mechanical Engineering,Mechanical_StudyPlan 1.txt,source
study_0430,study_plan,Mechanical Engineering study plan,"t focuses on the application and design techniques used to satisfy large and complex commercial buildings’ requirements. Among t opics included in this course are: sustainable technologies, HVAC and smart buildings, troubleshooting and preventive maintenance, hydraulic and control strategies for heating, systems for forced air and passive ve ntilation, complex distribution, plan strategies for air -conditioning, design and installation factors , and performance monitoring . Prerequisites: 00101545 00101570 : Building Services , 3 Cr (2,3 ) This course deals with aspects of the built environment that ensure the performance and productivity, comfort, safety and wellbeing of building occupants.",en,Mechanical Engineering,Mechanical_StudyPlan 1.txt,source
study_0431,study_plan,Mechanical Engineering study plan,"the built environment that ensure the performance and productivity, comfort, safety and wellbeing of building occupants. Topics included in this course are Air conditioning and mechanical ventilation, electrical services ( light and power ), fire services and safety engineering, water and waste services, data and communications, security and access control, vertical transportation, acoustics , building management system and maintenance . Prerequisites: 00101240 00102330 : Energy Resources and Conversion , 3 Cr (3,0 ) This course introduces the students to the fundamentals of energy conversion principles and systems and covers contemporary energy issues and challenges.",en,Mechanical Engineering,Mechanical_StudyPlan 1.txt,source
study_0432,study_plan,Mechanical Engineering study plan,"ts to the fundamentals of energy conversion principles and systems and covers contemporary energy issues and challenges. Topics covered include Global energy demand and energy mix, future energy outlook, environmental impacts, Crude oil and petroleum products, natural gas, oil shale, coal, nuclear energy, renewable energy, final energy use, engines, power plants, cogeneration, combustion, boilers and furnaces, heat exchanges and heat recove ry, electrical power transmission and distribution systems, energy storage. Prerequisites: 00101240 0010155 4: Special Topic in Mechanical Engineering , 3 Cr (2,3 ) This course will cover a thorough study of a state -of-the-art topic in one of the mechanical engineering fields that is required by industry . The course content will vary and will focus on concepts that are not addressed in current course selections.",en,Mechanical Engineering,Mechanical_StudyPlan 1.txt,source
study_0433,study_plan,Mechanical Engineering study plan,"industry . The course content will vary and will focus on concepts that are not addressed in current course selections. Prerequisites: Department Approval 32 00101555 : Special Topic in Mechanical Engineering 1, 1 Cr (1,0 ) This course will cover a thorough study of a state -of-the-art topic in one of the mechanical engineering fields that is required by industry . The course content will vary and will focus on concepts that are not addressed in current course selections. Prerequisites: Department Approval 00101556 : Special Topic in Mechanical Engineering 2, 2 Cr (2,0 ) This course will cover a thorough study of a state -of-the-art topic in one of the mechanical engineering fields that is required by industry . The course content will vary and will focus on concepts that are not addressed in current course selections.",en,Mechanical Engineering,Mechanical_StudyPlan 1.txt,source
study_0434,study_plan,Mechanical Engineering study plan,"industry . The course content will vary and will focus on concepts that are not addressed in current course selections. Prerequisites: Department Approval 00101366 : Lean Manufacturing , 4 Cr (3,3) The aim of this course is to introduce the principles and processes of lean manufacturing and explore the tools and techniques that are applied by organizations practicing lean. Among the topics included in this course are scoping and defining lean manufacturing, the benefits and challenges of adopting Lean, The Toyota Production System (TPS), common tools and techniques associated with lean manufacturing and process improvement, and the most appropriate improvement tool(s) to tackle a problem.",en,Mechanical Engineering,Mechanical_StudyPlan 1.txt,source
study_0435,study_plan,Mechanical Engineering study plan,"iated with lean manufacturing and process improvement, and the most appropriate improvement tool(s) to tackle a problem. Prerequisites: 00101112 00101495 : Practical Training for Mechanical Engineering (PATH) 6 Cr (0,40 hrs per week ) 00101497: Practical Training for Mechanical Engineering (PATH) Continuation , 12 Cr (0,40 hrs per week ) The practical training program is the bridge between academic study and industry. It is designed to transform the apprentice from a student to an employee. The main objective is to improve graduate readiness for full -time employment upon graduation. It is an 8 -month work placement opportunity for a student where they apply the technical knowledge obtained during study and develop their workplace skills to match high international standards. The program is designed to allow updated monitoring of the apprenti ce’s progress and development.",en,Mechanical Engineering,Mechanical_StudyPlan 1.txt,source
study_0436,study_plan,Mechanical Engineering study plan,ernational standards. The program is designed to allow updated monitoring of the apprenti ce’s progress and development. Prerequisites: Department approval,en,Mechanical Engineering,Mechanical_StudyPlan 1.txt,source
policy_0437,admission,General entry and scoring,"BSc minimum entry is generally 80%, while technical and technician degrees generally use 70%. Competitive assessment may include high-school GPA, mathematics, physics, interview, introductory video, admission tests, and bonus points for documented extracurricular activities.",en,,"Untitled document.pdf, pages 1-2",verified_extract
policy_0438,admission,Engineering Tawjihi requirements,"For Mechanical Engineering, Energy Engineering, Electrical Engineering and Industrial Engineering BSc, the listed Tawjihi minimums are 80% in mathematics, 80% in physics and 80% overall, with all three conditions required.",en,,"Untitled document.pdf, page 1",verified_extract
policy_0439,admission,IGCSE engineering requirements,"For the listed engineering BSc programmes, IGCSE requirements include grade B in mathematics, grade B in physics and 80% Tawjihi equivalency; permitted A-level/AS-level combinations are also specified.",en,,"Untitled document.pdf, page 2",verified_extract
policy_0440,admission,IB engineering requirements,"For the listed engineering BSc programmes, IB requirements are mathematics 5, physics 5 and 80% Tawjihi equivalency, with acceptable HL/SL combinations stated in the policy.",en,,"Untitled document.pdf, page 3",verified_extract
